movieId,predicted_rating,n_neighbor_votes,title,genres,release_year,mean_rating,rating_count,bayesian_rating
1227,5.0,2.0,Once Upon a Time in America,Crime|Drama,1984,4.0625,16,3.8468
515,5.0,1.0,"Remains of the Day, The",Drama|Romance,1993,3.6042,24,3.574
905,5.0,1.0,It Happened One Night,Comedy|Romance,1934,4.3214,14,3.9798
906,5.0,1.0,Gaslight,Drama|Thriller,1944,4.1429,7,3.7656
1177,5.0,1.0,Enchanted April,Drama|Romance,1992,4.0,6,3.6885
1251,5.0,1.0,8 1/2 (8½),Drama|Fantasy,1963,4.0714,14,3.834
1279,5.0,1.0,Night on Earth,Comedy|Drama,1991,4.125,8,3.7786
1295,5.0,1.0,"Unbearable Lightness of Being, The",Drama,1988,3.2273,11,3.3579
2843,5.0,1.0,"Black Cat, White Cat (Crna macka, beli macor)",Comedy|Romance,1998,3.9444,9,3.7114
3549,5.0,1.0,Guys and Dolls,Comedy|Musical|Romance,1955,3.9375,8,3.6953
3677,5.0,1.0,Baraka,Documentary,1992,4.125,4,3.6797
3814,5.0,1.0,Love and Death,Comedy,1975,4.2222,9,3.8429
3925,5.0,1.0,Stranger Than Paradise,Comedy|Drama,1984,3.9167,6,3.6572
4495,5.0,1.0,Crossing Delancey,Comedy|Romance,1988,5.0,1,3.6378
5034,5.0,1.0,"Truly, Madly, Deeply",Drama|Romance,1991,3.6667,3,3.5397
5490,5.0,1.0,The Big Bus,Action|Comedy,1976,5.0,1,3.6378
5915,5.0,1.0,Victory (a.k.a. Escape to Victory),Action|Drama|War,1981,4.75,2,3.7096
6192,5.0,1.0,Open Hearts (Elsker dig for evigt),Romance,2002,5.0,1,3.6378
6201,5.0,1.0,Lady Jane,Drama|Romance,1986,5.0,1,3.6378
6375,5.0,1.0,Gigantic (A Tale of Two Johns),Documentary,2002,4.0,4,3.644
7121,5.0,1.0,Adam's Rib,Comedy|Romance,1949,4.75,4,3.8583
8235,5.0,1.0,Safety Last!,Action|Comedy|Romance,1923,4.0,2,3.5846
8968,5.0,1.0,After the Sunset,Action|Adventure|Comedy|Crime|Thriller,2004,3.5833,6,3.5322
43376,5.0,1.0,Sophie Scholl: The Final Days (Sophie Scholl - Die letzten Tage),Drama|War,2005,4.625,4,3.8225
67618,5.0,1.0,Strictly Sexual,Comedy|Drama|Romance,2008,5.0,1,3.6378
70183,5.0,1.0,"Ugly Truth, The",Comedy|Drama|Romance,2009,3.6667,12,3.5916
74946,5.0,1.0,She's Out of My League,Comedy,2010,3.2222,9,3.3692
132333,5.0,1.0,Seve,Documentary|Drama,2014,5.0,1,3.6378
3030,4.678,3.0,Yojimbo,Action|Adventure,1961,4.2308,13,3.9137
954,4.656,3.0,Mr. Smith Goes to Washington,Drama,1939,4.0833,18,3.8756
2565,4.521,2.0,"King and I, The",Drama|Musical|Romance,1956,4.1667,12,3.8643
2295,4.513,2.0,"Impostors, The",Comedy,1998,4.5,2,3.668
534,4.505,2.0,Shadowlands,Drama|Romance,1993,3.6071,14,3.5632
307,4.5,2.0,Three Colors: Blue (Trois couleurs: Bleu),Drama,1993,3.8958,24,3.7799
3451,4.5,2.0,Guess Who's Coming to Dinner,Drama,1967,4.5455,11,4.0484
3462,4.5,2.0,Modern Times,Comedy|Drama|Romance,1936,3.72,25,3.6576
7387,4.5,2.0,Dawn of the Dead,Action|Drama|Horror,1978,3.975,20,3.8172
8132,4.5,2.0,Gladiator,Action|Drama,1992,4.3333,9,3.8956
28,4.5,1.0,Persuasion,Drama|Romance,1995,4.2273,11,3.8817
194,4.5,1.0,Smoke,Comedy|Drama,1995,3.6667,18,3.6077
199,4.5,1.0,"Umbrellas of Cherbourg, The (Parapluies de Cherbourg, Les)",Drama|Musical|Romance,1964,4.125,4,3.6797
670,4.5,1.0,"World of Apu, The (Apur Sansar)",Drama,1959,4.75,2,3.7096
714,4.5,1.0,Dead Man,Drama|Mystery|Western,1995,3.9667,15,3.7806
945,4.5,1.0,Top Hat,Comedy|Musical|Romance,1935,4.0714,7,3.7362
1041,4.5,1.0,Secrets & Lies,Drama,1996,4.5909,11,4.0722
1353,4.5,1.0,"Mirror Has Two Faces, The",Comedy|Drama|Romance,1996,3.375,4,3.4654
1354,4.5,1.0,Breaking the Waves,Drama|Mystery,1996,4.0714,7,3.7362
1413,4.5,1.0,"Whole Wide World, The",Drama,1996,4.25,2,3.6263
1683,4.5,1.0,"Wings of the Dove, The",Drama|Romance,1997,4.4167,6,3.8447
1893,4.5,1.0,Beyond Silence (Jenseits der Stille),Drama,1996,4.5,1,3.5923
1963,4.5,1.0,Take the Money and Run,Comedy|Crime,1969,3.3636,11,3.4293
2206,4.5,1.0,Suspicion,Film-Noir|Mystery|Thriller,1941,4.0,5,3.6677
2357,4.5,1.0,Central Station (Central do Brasil),Drama,1998,4.4167,6,3.8447
2568,4.5,1.0,"Mod Squad, The",Action|Crime,1999,3.1875,8,3.362
2801,4.5,1.0,Oscar and Lucinda (a.k.a. Oscar & Lucinda),Drama|Romance,1997,4.5,1,3.5923
2971,4.5,1.0,All That Jazz,Drama|Fantasy|Musical,1979,4.0833,6,3.7197
3003,4.5,1.0,Train of Life (Train de vie),Comedy|Drama|Romance|War,1998,4.5,2,3.668
3306,4.5,1.0,"Circus, The",Comedy,1928,4.125,4,3.6797
3307,4.5,1.0,City Lights,Comedy|Drama|Romance,1931,3.8462,13,3.6963
3379,4.5,1.0,On the Beach,Drama,1959,4.5,1,3.5923
3548,4.5,1.0,Auntie Mame,Comedy|Drama,1958,3.7,5,3.5677
3741,4.5,1.0,Badlands,Crime|Drama|Thriller,1973,4.0909,11,3.8103
4157,4.5,1.0,"Price of Milk, The",Comedy|Drama|Fantasy|Romance,2000,4.5,1,3.5923
4307,4.5,1.0,"Fast Food, Fast Women",Comedy|Romance,2000,4.5,1,3.5923
4406,4.5,1.0,"Man Who Shot Liberty Valance, The",Crime|Drama|Western,1962,4.4,5,3.801
4407,4.5,1.0,Salvador,Drama|Thriller|War,1986,4.5,1,3.5923
4537,4.5,1.0,Running on Empty,Drama,1988,4.3333,3,3.6935
4628,4.5,1.0,New York Stories,Comedy|Drama,1989,3.125,4,3.394
4826,4.5,1.0,"Big Red One, The",Action|Adventure|Drama|War,1980,4.25,2,3.6263
5095,4.5,1.0,"Scotland, Pa.",Comedy|Crime,2001,4.5,1,3.5923
5155,4.5,1.0,"Big Bird Cage, The",Action,1972,4.5,1,3.5923
5470,4.5,1.0,The Importance of Being Earnest,Comedy|Romance,1952,4.3333,3,3.6935
5498,4.5,1.0,Red Beard (Akahige),Drama,1965,4.5,1,3.5923
5747,4.5,1.0,Gallipoli,Drama|War,1981,4.2857,7,3.8245
5772,4.5,1.0,My Dinner with André,Drama,1981,4.75,2,3.7096
5818,4.5,1.0,"Crime of Father Amaro, The (Crimen del padre Amaro, El)",Drama|Romance,2002,4.5,1,3.5923
5901,4.5,1.0,Empire,Crime|Drama,2002,4.5,1,3.5923
6163,4.5,1.0,He Loves Me... He Loves Me Not (À la folie... pas du tout),Romance|Thriller,2002,4.5,1,3.5923
6254,4.5,1.0,"Awful Truth, The",Comedy|Romance,1937,4.75,2,3.7096
6466,4.5,1.0,Mississippi Masala,Drama|Romance,1991,3.5,3,3.5012
6515,4.5,1.0,You Only Live Once,Crime|Film-Noir,1937,4.5,1,3.5923
6545,4.5,1.0,I Capture the Castle,Drama|Romance,2003,4.5,1,3.5923
6776,4.5,1.0,Lagaan: Once Upon a Time in India,Comedy|Drama|Musical|Romance,2001,4.1667,3,3.6551
6963,4.5,1.0,Devil's Playground,Documentary,2002,4.25,2,3.6263
6969,4.5,1.0,"Dernier Combat, Le (Last Battle, The)",Drama|Sci-Fi,1983,4.5,1,3.5923
6985,4.5,1.0,"Passion of Joan of Arc, The (Passion de Jeanne d'Arc, La)",Drama,1928,3.9,5,3.6344
7091,4.5,1.0,Horse Feathers,Comedy,1932,4.0,2,3.5846
7123,4.5,1.0,Naked Lunch,Drama|Fantasy|Mystery|Sci-Fi,1991,3.4444,9,3.4745
7234,4.5,1.0,"Strada, La",Drama,1954,4.25,6,3.7822
7572,4.5,1.0,Wit,Drama,2001,4.5,1,3.5923
7706,4.5,1.0,Animal Crackers,Comedy|Musical,1930,4.125,4,3.6797
7748,4.5,1.0,Pierrot le fou,Crime|Drama,1965,3.875,4,3.6083
8581,4.5,1.0,Pirates of Silicon Valley,Documentary|Drama,1999,4.0,4,3.644
8939,4.5,1.0,"Final Cut, The",Sci-Fi|Thriller,2004,3.6667,3,3.5397
8973,4.5,1.0,Bad Education (La mala educación),Drama|Thriller,2004,3.75,8,3.612
25769,4.5,1.0,"Steamboat Bill, Jr.",Comedy|Romance,1928,4.5,1,3.5923
25886,4.5,1.0,Random Harvest,Drama|Romance,1942,4.0,2,3.5846
26736,4.5,1.0,Riki-Oh: The Story of Ricky (Lik Wong),Action|Crime|Thriller,1991,4.5,1,3.5923
27156,4.5,1.0,"Neon Genesis Evangelion: The End of Evangelion (Shin seiki Evangelion Gekijô-ban: Air/Magokoro wo, kimi ni)",Action|Animation|Drama|Fantasy|Sci-Fi,1997,4.3,5,3.7677
27838,4.5,1.0,Mean Creek,Drama|Thriller,2004,3.75,2,3.543
30745,4.5,1.0,Gozu (Gokudô kyôfu dai-gekijô: Gozu),Comedy|Crime|Drama|Horror|Mystery,2003,4.75,2,3.7096
32582,4.5,1.0,"Wild Parrots of Telegraph Hill, The",Documentary,2003,4.75,2,3.7096
41724,4.5,1.0,Wal-Mart: The High Cost of Low Price,Documentary,2005,4.5,1,3.5923
47999,4.5,1.0,Jesus Camp,Documentary|Drama,2006,4.0714,7,3.7362
52319,4.5,1.0,Inglorious Bastards (Quel maledetto treno blindato),Action|Adventure|Drama|War,1978,3.5714,7,3.5303
53129,4.5,1.0,Mr. Brooks,Crime|Drama|Thriller,2007,4.0,7,3.7068
55687,4.5,1.0,My Kid Could Paint That,Documentary,2007,4.5,1,3.5923
55721,4.5,1.0,Elite Squad (Tropa de Elite),Action|Crime|Drama|Thriller,2007,4.3,10,3.9008
68945,4.5,1.0,Neon Genesis Evangelion: Death & Rebirth (Shin seiki Evangelion Gekijô-ban: Shito shinsei),Action|Animation|Mystery|Sci-Fi,1997,4.0,2,3.5846
69394,4.5,1.0,"Stoning of Soraya M., The",Crime|Drama,2008,4.5,1,3.5923
69524,4.5,1.0,Raiders of the Lost Ark: The Adaptation,Action|Adventure|Thriller,1989,4.3333,3,3.6935
72489,4.5,1.0,Ninja Assassin,Action|Crime|Drama|Thriller,2009,4.1667,3,3.6551
80693,4.5,1.0,It's Kind of a Funny Story,Comedy|Drama,2010,3.1875,8,3.362
80860,4.5,1.0,Life as We Know It,Comedy|Romance,2010,3.0,6,3.3135
83134,4.5,1.0,Tucker & Dale vs Evil,Comedy|Horror,2010,3.9167,18,3.7684
86377,4.5,1.0,Louis C.K.: Shameless,Comedy,2007,4.0,7,3.7068
88810,4.5,1.0,"Help, The",Drama,2011,3.8333,21,3.7263
90576,4.5,1.0,What's Your Number?,Comedy|Romance,2011,4.5,1,3.5923
93721,4.5,1.0,Jiro Dreams of Sushi,Documentary,2011,4.1,5,3.701
96004,4.5,1.0,Dragon Ball Z: The History of Trunks (Doragon bôru Z: Zetsubô e no hankô!! Nokosareta chô senshi - Gohan to Torankusu),Action|Adventure|Animation,1993,3.25,2,3.4596
105197,4.5,1.0,Nebraska,Adventure|Drama,2013,4.125,4,3.6797
106438,4.5,1.0,Philomena,Comedy|Drama,2013,3.25,2,3.4596
112175,4.5,1.0,How to Train Your Dragon 2,Action|Adventure|Animation,2014,3.7667,15,3.6606
152105,4.5,1.0,Dad's Army,Comedy,1971,4.5,1,3.5923
170355,4.5,1.0,Mulholland Dr.,Drama|Mystery|Romance,1999,3.75,2,3.543
3494,4.493,2.0,True Grit,Adventure|Drama|Western,1969,4.0,6,3.6885
1230,4.478,4.0,Annie Hall,Comedy|Romance,1977,3.8707,58,3.8164
3435,4.375,3.0,Double Indemnity,Crime|Drama|Film-Noir,1944,4.3235,17,4.0191
1203,4.372,4.0,12 Angry Men,Drama,1957,4.1491,57,4.0525
6993,4.343,3.0,Hannah and Her Sisters,Comedy|Drama|Romance,1986,3.7692,13,3.6529
928,4.326,3.0,Rebecca,Drama|Mystery|Romance|Thriller,1940,4.1667,18,3.9291
7132,4.317,3.0,"Night at the Opera, A",Comedy|Musical|Romance,1935,4.1111,9,3.7903
1411,4.306,3.0,Hamlet,Crime|Drama|Romance,1996,4.0,16,3.8083
64969,4.302,2.0,Yes Man,Comedy,2008,3.6176,34,3.5913
914,4.261,2.0,My Fair Lady,Comedy|Drama|Musical|Romance,1964,4.0429,35,3.9226
926,4.261,2.0,All About Eve,Drama,1950,4.2292,24,4.0152
2202,4.261,2.0,Lifeboat,Drama|War,1944,4.3571,7,3.8539
7013,4.261,2.0,"Night of the Hunter, The",Drama|Film-Noir|Thriller,1955,4.0,7,3.7068
25825,4.261,2.0,Fury,Drama|Film-Noir,1936,3.375,4,3.4654
50685,4.261,2.0,Waitress,Comedy|Drama|Romance,2007,3.8333,6,3.626
1962,4.26,4.0,Driving Miss Daisy,Drama,1989,3.7391,23,3.6671
4160,4.257,2.0,"Widow of St. Pierre, The (Veuve de Saint-Pierre, La)",Drama|Romance,2000,4.125,4,3.6797
3095,4.253,2.0,"Grapes of Wrath, The",Drama,1940,4.1111,9,3.7903
3062,4.246,2.0,"Longest Day, The",Action|Drama|War,1962,4.0,11,3.7627
1281,4.243,2.0,"Great Dictator, The",Comedy|Drama|War,1940,4.1333,15,3.8806
1086,4.239,2.0,Dial M for Murder,Crime|Mystery|Thriller,1954,4.1,25,3.929
31116,4.239,2.0,Sergeant York,Drama|War,1941,3.8333,3,3.5781
8542,4.231,2.0,"Day at the Races, A",Comedy|Musical,1937,4.0,3,3.6166
940,4.218,2.0,"Adventures of Robin Hood, The",Action|Adventure|Romance,1938,4.0,8,3.7231
6791,4.197,2.0,Babette's Feast (Babettes gæstebud),Drama,1987,4.4,5,3.801
6440,4.178,3.0,Barton Fink,Drama|Thriller,1991,4.0357,14,3.8132
3468,4.174,3.0,"Hustler, The",Drama,1961,4.3333,18,4.0363
2022,4.171,3.0,"Last Temptation of Christ, The",Drama,1988,3.6875,8,3.5842
8368,4.165,7.0,Harry Potter and the Prisoner of Azkaban,Adventure|Fantasy|IMAX,2004,3.914,93,3.8739
2186,4.163,3.0,Strangers on a Train,Crime|Drama|Film-Noir|Thriller,1951,3.98,25,3.8433
1209,4.155,3.0,Once Upon a Time in the West (C'era una volta il West),Action|Drama|Western,1968,4.3056,18,4.0184
1283,4.118,5.0,High Noon,Drama|Western,1952,4.2105,19,3.9661
2391,4.116,4.0,"Simple Plan, A",Crime|Drama|Thriller,1998,3.7955,22,3.7036
7022,4.099,4.0,Battle Royale (Batoru rowaiaru),Action|Drama|Horror|Thriller,2000,3.9333,30,3.8254
69069,4.07,2.0,Fired Up,Comedy,2009,3.5833,6,3.5322
65188,4.031,2.0,Dear Zachary: A Letter to a Son About His Father,Documentary,2008,3.875,4,3.6083
26133,4.013,2.0,"Charlie Brown Christmas, A",Animation|Children|Comedy,1965,4.0,6,3.6885
53000,4.012,3.0,28 Weeks Later,Horror|Sci-Fi|Thriller,2007,3.5952,21,3.565
2973,4.003,3.0,Crimes and Misdemeanors,Comedy|Crime|Drama,1989,3.9167,18,3.7684
930,4.0,3.0,Notorious,Film-Noir|Romance|Thriller,1946,4.25,20,4.0005
3498,4.0,3.0,Midnight Express,Drama,1978,4.0,8,3.7231
6104,4.0,3.0,Monty Python Live at the Hollywood Bowl,Comedy,1982,4.1667,9,3.8166
955,4.0,2.0,Bringing Up Baby,Comedy|Romance,1938,3.8611,18,3.7327
2587,4.0,2.0,Life,Comedy|Crime|Drama,1999,3.25,4,3.4297
2693,4.0,2.0,Trekkies,Documentary,1997,3.375,4,3.4654
3742,4.0,2.0,Battleship Potemkin,Drama|War,1925,3.65,10,3.5758
5632,4.0,2.0,Bloody Sunday,Drama,2002,3.6,5,3.5344
5782,4.0,2.0,"Professional, The (Le professionnel)",Action|Drama|Thriller,1981,3.8684,19,3.7419
6041,4.0,2.0,Amen.,Drama,2002,3.8333,3,3.5781
7028,4.0,2.0,Quick Change,Comedy|Crime,1990,3.5714,7,3.5303
7256,4.0,2.0,Touching the Void,Adventure|Documentary,2003,4.0,8,3.7231
7566,4.0,2.0,28 Up,Documentary,1985,4.0,3,3.6166
7934,4.0,2.0,Zelig,Comedy,1983,4.0,7,3.7068
7983,4.0,2.0,Broadway Danny Rose,Comedy,1984,4.2,5,3.7344
8167,4.0,2.0,Captain Blood,Action|Adventure|Romance,1935,4.0,2,3.5846
26712,4.0,2.0,35 Up,Documentary,1991,4.0,3,3.6166
48696,4.0,2.0,Little Children,Drama|Romance,2006,3.875,4,3.6083
49961,4.0,2.0,Notes on a Scandal,Drama,2006,3.75,4,3.5725
52767,4.0,2.0,21 Up,Documentary,1977,4.0,3,3.6166
232,4.0,1.0,Eat Drink Man Woman (Yin shi nan nu),Comedy|Drama|Romance,1994,3.8929,14,3.7298
330,4.0,1.0,Tales from the Hood,Action|Crime|Horror,1995,3.0,6,3.3135
600,4.0,1.0,Love and a .45,Action|Comedy|Crime,1994,4.0,1,3.5469
609,4.0,1.0,Homeward Bound II: Lost in San Francisco,Adventure|Children,1996,3.5714,14,3.5423
760,4.0,1.0,Stalingrad,Drama|War,1993,4.25,2,3.6263
861,4.0,1.0,Supercop (Police Story 3: Supercop) (Jing cha gu shi III: Chao ji jing cha),Action|Comedy|Crime|Thriller,1992,3.8333,9,3.6587
927,4.0,1.0,"Women, The",Comedy,1939,4.0,3,3.6166
936,4.0,1.0,Ninotchka,Comedy|Romance,1939,4.0,6,3.6885
942,4.0,1.0,Laura,Crime|Film-Noir|Mystery,1944,4.3333,6,3.8135
944,4.0,1.0,Lost Horizon,Drama,1937,4.0,3,3.6166
948,4.0,1.0,Giant,Drama|Romance|Western,1956,3.9167,6,3.6572
956,4.0,1.0,Penny Serenade,Drama|Romance,1941,4.0,1,3.5469
965,4.0,1.0,"39 Steps, The",Drama|Mystery|Thriller,1935,4.0455,11,3.7865
1066,4.0,1.0,Shall We Dance,Comedy|Musical|Romance,1937,4.5,4,3.7868
1232,4.0,1.0,Stalker,Drama|Mystery|Sci-Fi,1979,3.625,8,3.5564
1236,4.0,1.0,Trust,Comedy|Drama|Romance,1990,4.3333,3,3.6935
1260,4.0,1.0,M,Crime|Film-Noir|Thriller,1931,3.7333,15,3.6406
1273,4.0,1.0,Down by Law,Comedy|Drama|Film-Noir,1986,4.0455,11,3.7865
1296,4.0,1.0,"Room with a View, A",Drama|Romance,1986,3.7059,17,3.6302
1365,4.0,1.0,Ridicule,Drama,1996,3.5833,6,3.5322
1423,4.0,1.0,Hearts and Minds,Drama,1996,4.0,1,3.5469
1496,4.0,1.0,Anna Karenina,Drama|Romance,1997,4.0,1,3.5469
1537,4.0,1.0,Shall We Dance? (Shall We Dansu?),Comedy|Drama|Romance,1996,3.8077,13,3.6746
1545,4.0,1.0,Ponette,Drama,1996,4.5,2,3.668
1650,4.0,1.0,Washington Square,Drama,1997,3.75,2,3.543
1695,4.0,1.0,Artemisia,Drama,1997,4.0,2,3.5846
1797,4.0,1.0,Everest,Documentary|IMAX,1998,4.25,6,3.7822
1856,4.0,1.0,Kurt & Courtney,Documentary,1998,4.0,3,3.6166
1892,4.0,1.0,"Perfect Murder, A",Thriller,1998,3.2812,16,3.366
1902,4.0,1.0,Dream for an Insomniac,Drama|Romance,1996,4.0,1,3.5469
1913,4.0,1.0,Picnic at Hanging Rock,Drama|Mystery,1975,4.0,3,3.6166
1916,4.0,1.0,Buffalo '66 (a.k.a. Buffalo 66),Drama|Romance,1998,3.4167,12,3.4553
1931,4.0,1.0,Mutiny on the Bounty,Adventure|Drama,1935,4.1667,6,3.751
1938,4.0,1.0,"Lost Weekend, The",Drama,1945,4.0,3,3.6166
1940,4.0,1.0,Gentleman's Agreement,Drama,1947,4.0,1,3.5469
2041,4.0,1.0,Condorman,Action|Adventure|Children|Comedy,1981,3.3333,3,3.4627
2070,4.0,1.0,Tender Mercies,Drama|Romance|Western,1983,3.4,5,3.4677
2185,4.0,1.0,I Confess,Thriller,1953,4.0,2,3.5846
2203,4.0,1.0,Shadow of a Doubt,Crime|Drama|Thriller,1943,4.1429,7,3.7656
2327,4.0,1.0,Tales from the Darkside: The Movie,Fantasy|Horror|Thriller,1990,3.6667,3,3.5397
2442,4.0,1.0,Hilary and Jackie,Drama,1998,3.8333,3,3.5781
2494,4.0,1.0,"Last Days, The",Documentary,1998,4.0,2,3.5846
2579,4.0,1.0,Following,Crime|Mystery|Thriller,1998,3.8333,6,3.626
2612,4.0,1.0,Mildred Pierce,Drama|Film-Noir,1945,4.0,1,3.5469
2696,4.0,1.0,"Dinner Game, The (Dîner de cons, Le)",Comedy,1998,4.3333,3,3.6935
2739,4.0,1.0,"Color Purple, The",Drama,1985,3.9167,12,3.728
2852,4.0,1.0,"Soldier's Story, A",Drama,1984,4.0,1,3.5469
2927,4.0,1.0,Brief Encounter,Drama|Romance,1946,3.5,2,3.5013
2935,4.0,1.0,"Lady Eve, The",Comedy|Romance,1941,4.0,8,3.7231
2941,4.0,1.0,South Pacific,Musical|Romance|War,1958,3.7778,9,3.6324
2967,4.0,1.0,"Bad Seed, The",Drama|Thriller,1956,4.0,4,3.644
3011,4.0,1.0,"They Shoot Horses, Don't They?",Drama,1969,3.25,4,3.4297
3038,4.0,1.0,"Face in the Crowd, A",Drama,1957,4.2,5,3.7344
3057,4.0,1.0,Where's Marlowe?,Comedy,1998,4.0,1,3.5469
3077,4.0,1.0,42 Up,Documentary,1998,4.0,2,3.5846
3097,4.0,1.0,"Shop Around the Corner, The",Comedy|Drama|Romance,1940,3.6667,3,3.5397
3125,4.0,1.0,"End of the Affair, The",Drama,1999,4.0,1,3.5469
3135,4.0,1.0,"Great Santini, The",Drama,1979,3.6667,3,3.5397
3150,4.0,1.0,"War Zone, The",Drama|Thriller,1999,3.25,2,3.4596
3152,4.0,1.0,"Last Picture Show, The",Drama,1971,4.5,8,3.9453
3158,4.0,1.0,"Emperor and the Assassin, The (Jing ke ci qin wang)",Drama,1999,3.6667,3,3.5397
3185,4.0,1.0,Snow Falling on Cedars,Drama,1999,3.3333,3,3.4627
3200,4.0,1.0,"Last Detail, The",Comedy|Drama,1973,4.25,8,3.8342
3211,4.0,1.0,"Cry in the Dark, A",Drama,1988,3.75,2,3.543
3246,4.0,1.0,Malcolm X,Drama,1992,4.1667,15,3.9006
3310,4.0,1.0,"Kid, The",Comedy|Drama,1921,4.1,5,3.701
3323,4.0,1.0,Chain of Fools,Comedy|Crime,2000,4.0,1,3.5469
3330,4.0,1.0,Splendor in the Grass,Drama|Romance,1961,4.25,2,3.6263
3341,4.0,1.0,Born Yesterday,Comedy,1950,4.2857,7,3.8245
3350,4.0,1.0,"Raisin in the Sun, A",Drama,1961,3.8333,3,3.5781
3384,4.0,1.0,"Taking of Pelham One Two Three, The",Action|Crime,1974,4.5,4,3.7868
3447,4.0,1.0,"Good Earth, The",Drama,1937,4.0,2,3.5846
3474,4.0,1.0,Retroactive,Sci-Fi|Thriller,1997,4.0,1,3.5469
3475,4.0,1.0,"Place in the Sun, A",Drama|Romance,1951,4.5,2,3.668
3546,4.0,1.0,What Ever Happened to Baby Jane?,Drama|Horror|Thriller,1962,4.5,2,3.668
3632,4.0,1.0,Monsieur Verdoux,Comedy|Crime,1947,4.0,5,3.6677
3696,4.0,1.0,Night of the Creeps,Comedy|Horror|Sci-Fi|Thriller,1986,3.1667,3,3.4243
3761,4.0,1.0,"Blood In, Blood Out",Action|Crime|Drama|Thriller,1993,4.0,1,3.5469
3801,4.0,1.0,Anatomy of a Murder,Drama|Mystery,1959,4.0,4,3.644
3811,4.0,1.0,Breaker Morant,Drama|War,1980,3.9286,7,3.6774
3816,4.0,1.0,"Official Story, The (La historia oficial)",Drama,1985,4.0,1,3.5469
3843,4.0,1.0,Sleepaway Camp,Horror,1983,2.375,4,3.1797
3849,4.0,1.0,The Spiral Staircase,Horror|Mystery|Thriller,1945,4.0,2,3.5846
3857,4.0,1.0,Bless the Child,Thriller,2000,4.0,1,3.5469
3859,4.0,1.0,"Eyes of Tammy Faye, The",Documentary,2000,3.75,2,3.543
3888,4.0,1.0,Skipped Parts,Drama|Romance,2000,4.0,1,3.5469
3932,4.0,1.0,"Invisible Man, The",Horror|Sci-Fi,1933,3.5,2,3.5013
4032,4.0,1.0,"Everlasting Piece, An",Comedy,2000,4.0,1,3.5469
4046,4.0,1.0,Friendly Persuasion,Drama,1956,4.0,1,3.5469
4077,4.0,1.0,"With a Friend Like Harry... (Harry, un ami qui vous veut du bien)",Drama|Thriller,2000,4.5,2,3.668
4146,4.0,1.0,"Million Dollar Hotel, The",Drama|Mystery|Romance,2001,3.0,3,3.3858
4152,4.0,1.0,Vatel,Drama,2000,4.25,2,3.6263
4164,4.0,1.0,"Caveman's Valentine, The",Drama,2001,3.5,2,3.5013
4171,4.0,1.0,Long Night's Journey Into Day,Documentary,2000,4.0,1,3.5469
4184,4.0,1.0,"Bishop's Wife, The",Comedy|Drama|Romance,1947,4.0,1,3.5469
4190,4.0,1.0,Elmer Gantry,Drama,1960,4.0,2,3.5846
4191,4.0,1.0,Alfie,Comedy|Drama|Romance,1966,3.25,4,3.4297
4211,4.0,1.0,Reversal of Fortune,Drama,1990,3.75,6,3.5947
4217,4.0,1.0,4 Little Girls,Documentary,1997,4.25,2,3.6263
4259,4.0,1.0,"Luzhin Defence, The",Drama|Romance,2000,3.5,4,3.5011
4263,4.0,1.0,Days of Wine and Roses,Drama,1962,4.0,2,3.5846
4300,4.0,1.0,Bread and Roses,Drama,2000,4.0,3,3.6166
4339,4.0,1.0,Von Ryan's Express,Action|Adventure|Drama|War,1965,3.75,4,3.5725
4347,4.0,1.0,Divided We Fall (Musíme si pomáhat),Comedy|Drama,2000,3.8333,3,3.5781
4350,4.0,1.0,Forgotten Silver,Comedy|Documentary,1996,4.25,2,3.6263
4439,4.0,1.0,Christiane F. (a.k.a. We Children from Bahnhof Zoo) (Christiane F. - Wir Kinder vom Bahnhof Zoo),Drama,1981,3.625,4,3.5368
4441,4.0,1.0,Game of Death,Action,1978,4.1667,3,3.6551
4459,4.0,1.0,Alaska: Spirit of the Wild,Documentary|IMAX,1997,4.0,1,3.5469
4465,4.0,1.0,"Accused, The",Drama,1988,3.7,5,3.5677
4660,4.0,1.0,Scenes from the Class Struggle in Beverly Hills,Comedy,1989,4.0,1,3.5469
4754,4.0,1.0,"Wicker Man, The",Drama|Horror|Mystery|Thriller,1973,3.9167,6,3.6572
4801,4.0,1.0,"Little Foxes, The",Drama,1941,4.0,2,3.5846
4809,4.0,1.0,Silkwood,Drama,1983,4.1667,3,3.6551
4811,4.0,1.0,Quadrophenia,Drama|Musical,1979,3.0,2,3.418
4835,4.0,1.0,Coal Miner's Daughter,Drama,1980,3.5,3,3.5012
4857,4.0,1.0,Fiddler on the Roof,Drama|Musical,1971,3.8125,8,3.6398
4970,4.0,1.0,"Blue Angel, The (Blaue Engel, Der)",Drama,1930,4.0,1,3.5469
4981,4.0,1.0,Clockwise,Comedy,1986,4.0,1,3.5469
5008,4.0,1.0,Witness for the Prosecution,Drama|Mystery|Thriller,1957,4.3889,9,3.9219
5012,4.0,1.0,Yentl,Drama|Musical|Romance,1983,4.0,1,3.5469
5014,4.0,1.0,I Am Sam,Drama,2001,3.7647,17,3.6672
5062,4.0,1.0,Seconds,Mystery|Sci-Fi|Thriller,1966,3.5,2,3.5013
5114,4.0,1.0,"Bad and the Beautiful, The",Drama,1952,4.0,1,3.5469
5165,4.0,1.0,Zombie (a.k.a. Zombie 2: The Dead Are Among Us) (Zombi 2),Horror,1979,4.0,2,3.5846
5224,4.0,1.0,Promises,Documentary,2001,4.25,2,3.6263
5250,4.0,1.0,Stir Crazy,Comedy,1980,4.0,3,3.6166
5339,4.0,1.0,Husbands and Wives,Comedy|Drama,1992,3.9167,6,3.6572
5398,4.0,1.0,Requiem for a Heavyweight,Drama,1962,4.0,2,3.5846
5404,4.0,1.0,84 Charing Cross Road,Drama|Romance,1987,4.5,3,3.732
5527,4.0,1.0,Possession,Drama|Romance,2002,3.5,4,3.5011
5601,4.0,1.0,"Yearling, The",Children|Drama,1946,4.0,1,3.5469
5603,4.0,1.0,"Lavender Hill Mob, The",Comedy|Crime,1951,4.5,2,3.668
5619,4.0,1.0,"Trials of Henry Kissinger, The",Documentary,2002,4.0,2,3.5846
5682,4.0,1.0,"Grey Zone, The",Drama,2001,3.25,2,3.4596
5802,4.0,1.0,"World of Henry Orient, The",Comedy,1964,4.0,1,3.5469
5833,4.0,1.0,Dog Soldiers,Action|Horror,2002,4.6667,3,3.7704
6001,4.0,1.0,"King of Comedy, The",Comedy|Drama,1983,4.0714,7,3.7362
6031,4.0,1.0,Imitation of Life,Drama|Romance,1959,3.5,2,3.5013
6067,4.0,1.0,Ordinary Decent Criminal,Comedy|Crime,2000,4.0,1,3.5469
6101,4.0,1.0,Missing,Drama|Mystery|Thriller,1982,4.0,1,3.5469
6178,4.0,1.0,"Patch of Blue, A",Drama|Romance,1965,4.0,1,3.5469
6181,4.0,1.0,"Red Badge of Courage, The",Drama|War,1951,4.0,1,3.5469
6183,4.0,1.0,Pillow Talk,Comedy|Musical|Romance,1959,3.8333,3,3.5781
6228,4.0,1.0,"Talk of the Town, The",Comedy|Romance|Thriller,1942,4.0,1,3.5469
6232,4.0,1.0,Born Free,Adventure|Children|Drama,1966,4.0,1,3.5469
6285,4.0,1.0,Levity,Drama,2003,4.0,1,3.5469
6291,4.0,1.0,Lilya 4-Ever (Lilja 4-ever),Crime|Drama,2002,3.5,3,3.5012
6350,4.0,1.0,Laputa: Castle in the Sky (Tenkû no shiro Rapyuta),Action|Adventure|Animation|Children|Fantasy|Sci-Fi,1986,4.0625,24,3.8975
6422,4.0,1.0,Shenandoah,Drama|War|Western,1965,4.0,1,3.5469
6427,4.0,1.0,"Railway Children, The",Children|Drama,1970,4.0,1,3.5469
6448,4.0,1.0,"Flight of the Phoenix, The",Action|Adventure|Drama,1965,4.0,2,3.5846
6551,4.0,1.0,"Anarchist Cookbook, The",Comedy|Romance,2002,4.0,1,3.5469
6571,4.0,1.0,"Mondays in the Sun (Lunes al sol, Los)",Drama,2002,4.0,1,3.5469
6572,4.0,1.0,Scorched,Comedy|Crime,2003,3.5,2,3.5013
6588,4.0,1.0,And Now... Ladies and Gentlemen...,Romance|Thriller,2002,4.0,1,3.5469
6591,4.0,1.0,"Magdalene Sisters, The",Drama,2002,4.3333,6,3.8135
6592,4.0,1.0,"Secret Lives of Dentists, The",Drama,2002,4.0,1,3.5469
6650,4.0,1.0,Kind Hearts and Coronets,Comedy|Drama,1949,3.3333,3,3.4627
6669,4.0,1.0,Ikiru,Drama,1952,3.4167,6,3.4697
6679,4.0,1.0,Revolution OS,Documentary,2001,4.0,1,3.5469
6768,4.0,1.0,Luther,Drama,2003,4.0,1,3.5469
6786,4.0,1.0,Kiss of the Spider Woman,Drama,1985,3.875,4,3.6083
6856,4.0,1.0,Yankee Doodle Dandy,Drama|Musical,1942,4.0,2,3.5846
6902,4.0,1.0,Interstate 60,Adventure|Comedy|Drama|Fantasy|Mystery|Sci-Fi|Thriller,2002,4.0,2,3.5846
6918,4.0,1.0,"Unvanquished, The (Aparajito)",Drama,1957,3.75,2,3.543
6939,4.0,1.0,Gloomy Sunday (Ein Lied von Liebe und Tod),Drama|Romance,1999,4.0,1,3.5469
6948,4.0,1.0,Tupac: Resurrection,Documentary,2003,4.0,1,3.5469
6971,4.0,1.0,Europa (Zentropa),Drama|Thriller,1991,4.0,1,3.5469
6981,4.0,1.0,"Ordet (Word, The)",Drama,1955,3.75,2,3.543
6984,4.0,1.0,"Tale of Two Cities, A",Drama,1935,4.0,1,3.5469
7038,4.0,1.0,Things You Can Tell Just by Looking at Her,Drama|Romance,2000,4.0,1,3.5469
7053,4.0,1.0,Roberta,Comedy|Musical|Romance,1935,4.0,1,3.5469
7055,4.0,1.0,Swing Time,Comedy|Musical|Romance,1936,4.0,1,3.5469
7056,4.0,1.0,"Public Enemy, The",Action|Crime|Drama,1931,4.25,2,3.6263
7061,4.0,1.0,Dark Victory,Drama|Romance,1939,4.0,1,3.5469
7062,4.0,1.0,Birdman of Alcatraz,Drama,1962,4.0,1,3.5469
7070,4.0,1.0,Red River,Action|Adventure|Western,1948,4.0,1,3.5469
7087,4.0,1.0,"Passage to India, A",Adventure|Drama,1984,4.0,2,3.5846
7141,4.0,1.0,My Flesh and Blood,Documentary,2003,4.0,1,3.5469
7212,4.0,1.0,I Was a Male War Bride,Comedy|Romance,1949,4.25,2,3.6263
7217,4.0,1.0,Dark Passage,Crime|Drama|Film-Noir|Romance|Thriller,1947,4.0,1,3.5469
7219,4.0,1.0,They Drive by Night,Drama,1940,4.0,1,3.5469
7222,4.0,1.0,Reefer Madness (a.k.a. Tell Your Children),Comedy|Drama,1938,3.25,2,3.4596
7264,4.0,1.0,An Amazing Couple,Comedy|Romance,2002,4.0,1,3.5469
7352,4.0,1.0,Wilbur Wants to Kill Himself,Comedy|Drama|Romance,2002,4.0,2,3.5846
7382,4.0,1.0,I'm Not Scared (Io non ho paura),Drama|Mystery|Thriller,2003,4.25,2,3.6263
7440,4.0,1.0,Paper Clips,Documentary,2004,3.25,2,3.4596
7479,4.0,1.0,Watch on the Rhine,Drama,1943,4.0,1,3.5469
7493,4.0,1.0,"Three Faces of Eve, The",Drama,1957,4.0,2,3.5846
7560,4.0,1.0,Fail-Safe,Drama|Thriller|War,1964,4.0,1,3.5469
7584,4.0,1.0,Woman of the Year,Comedy|Romance,1942,4.0,2,3.5846
7614,4.0,1.0,Oklahoma!,Musical|Romance|Western,1955,4.5,2,3.668
7649,4.0,1.0,Babylon 5: In the Beginning,Adventure|Sci-Fi,1998,2.8,5,3.2677
7700,4.0,1.0,"Wages of Fear, The (Salaire de la peur, Le)",Action|Adventure|Drama|Thriller,1953,3.3,5,3.4344
7705,4.0,1.0,Pat and Mike,Comedy|Romance,1952,4.0,2,3.5846
7713,4.0,1.0,Cat People,Drama|Horror|Romance|Thriller,1942,4.0,1,3.5469
7714,4.0,1.0,Camelot,Drama|Musical|Romance,1967,4.0,1,3.5469
7728,4.0,1.0,"Postman Always Rings Twice, The",Crime|Drama|Film-Noir|Thriller,1946,3.6667,3,3.5397
7766,4.0,1.0,Throne of Blood (Kumonosu jô),Action|Drama|Thriller|War,1957,4.0,4,3.644
7773,4.0,1.0,"Bang, Bang, You're Dead",Drama,2002,4.0,2,3.5846
7789,4.0,1.0,"11'09""01 - September 11",Drama,2002,4.0,2,3.5846
7834,4.0,1.0,After the Thin Man,Comedy|Crime|Mystery|Romance,1936,2.8333,3,3.3474
7930,4.0,1.0,"People Under the Stairs, The",Horror|Mystery|Thriller,1991,3.75,2,3.543
7932,4.0,1.0,Dark Days,Documentary,2000,3.6667,3,3.5397
8011,4.0,1.0,"Weather Underground, The",Documentary,2002,4.0,4,3.644
8019,4.0,1.0,Dark Water (Honogurai mizu no soko kara),Drama|Horror|Mystery|Thriller,2002,4.0,1,3.5469
8125,4.0,1.0,Sunrise: A Song of Two Humans,Drama|Romance,1927,4.0,1,3.5469
8191,4.0,1.0,Anne of the Thousand Days,Drama,1969,4.0,1,3.5469
8207,4.0,1.0,"Day of the Jackal, The",Crime|Thriller,1973,4.0833,6,3.7197
8225,4.0,1.0,Night of the Living Dead,Horror,1990,4.0,1,3.5469
8228,4.0,1.0,"Maltese Falcon, The (a.k.a. Dangerous Female)",Mystery,1931,3.6176,17,3.5747
8241,4.0,1.0,Masterminds,Action|Comedy|Thriller,1997,4.0,1,3.5469
8331,4.0,1.0,"Man Who Came to Dinner, The",Comedy,1942,4.0,1,3.5469
8337,4.0,1.0,"Caine Mutiny, The",Drama|War,1954,4.0,2,3.5846
8338,4.0,1.0,Black Narcissus,Drama,1947,4.0,1,3.5469
8424,4.0,1.0,"Divorcee, The",Drama|Romance,1930,4.0,1,3.5469
8463,4.0,1.0,Johnny Belinda,Drama,1948,4.0,1,3.5469
8477,4.0,1.0,"Jetée, La",Romance|Sci-Fi,1962,4.5,2,3.668
8530,4.0,1.0,Dear Frankie,Drama|Romance,2004,3.75,2,3.543
8607,4.0,1.0,Tokyo Godfathers,Adventure|Animation|Drama,2003,3.9,5,3.6344
8754,4.0,1.0,"Prime of Miss Jean Brodie, The",Drama,1969,4.0,1,3.5469
8875,4.0,1.0,"Come Back, Little Sheba",Drama,1952,4.0,1,3.5469
8938,4.0,1.0,Tarnation,Documentary,2003,4.0,1,3.5469
8951,4.0,1.0,Vera Drake,Drama,2004,3.0,4,3.3583
8979,4.0,1.0,Guerrilla: The Taking of Patty Hearst,Documentary,2004,4.0,1,3.5469
9018,4.0,1.0,Control Room,Documentary|War,2004,4.3333,3,3.6935
25750,4.0,1.0,Sherlock Jr.,Comedy|Fantasy|Romance,1924,3.0,2,3.418
25752,4.0,1.0,"Freshman, The",Comedy,1925,4.0,1,3.5469
25753,4.0,1.0,Greed,Drama,1924,4.0,1,3.5469
25757,4.0,1.0,"Jazz Singer, The",Drama|Musical|Romance,1927,4.0,1,3.5469
25841,4.0,1.0,Stage Door,Drama,1937,4.1667,3,3.6551
25850,4.0,1.0,Holiday,Comedy|Drama|Romance,1938,3.0,3,3.3858
25865,4.0,1.0,"Letter, The",Drama|Film-Noir,1940,4.0,1,3.5469
25898,4.0,1.0,Day of Wrath (Vredens dag),Drama,1943,4.0,2,3.5846
25952,4.0,1.0,"Letter to Three Wives, A",Comedy|Drama,1949,4.0,1,3.5469
26116,4.0,1.0,"Hush... Hush, Sweet Charlotte",Horror|Thriller,1964,4.5,2,3.668
26453,4.0,1.0,Smiley's People,Drama|Mystery,1982,4.0,1,3.5469
27674,4.0,1.0,11:14,Comedy|Crime|Drama|Mystery|Thriller,2003,3.75,4,3.5725
27731,4.0,1.0,"Cat Returns, The (Neko no ongaeshi)",Adventure|Animation|Children|Fantasy,2002,3.75,8,3.612
27790,4.0,1.0,Millions,Children|Comedy|Crime|Drama|Fantasy,2004,3.5,4,3.5011
27820,4.0,1.0,"Story of the Weeping Camel, The (Geschichte vom weinenden Kamel, Die)",Documentary|Drama,2003,4.0,2,3.5846
27834,4.0,1.0,"Return, The (Vozvrashcheniye)",Drama,2003,4.3333,3,3.6935
27878,4.0,1.0,Born into Brothels,Documentary,2004,3.875,4,3.6083
31030,4.0,1.0,I Remember Mama,Children|Drama,1948,4.0,1,3.5469
31420,4.0,1.0,Assault on Precinct 13,Action|Crime|Drama|Thriller,2005,3.1875,8,3.362
31437,4.0,1.0,Nobody Knows (Dare mo shiranai),Drama,2004,4.25,2,3.6263
31903,4.0,1.0,Zelary,Drama|Romance,2003,4.0,1,3.5469
31909,4.0,1.0,Dr. Giggles,Comedy|Horror,1992,4.0,1,3.5469
31923,4.0,1.0,"Three Musketeers, The",Action|Adventure|Comedy,1973,4.0,3,3.6166
32302,4.0,1.0,"League of Ordinary Gentlemen, A",Documentary,2004,4.0,1,3.5469
33880,4.0,1.0,Me and You and Everyone We Know,Comedy|Drama,2005,3.75,4,3.5725
34359,4.0,1.0,Georgy Girl,Comedy,1966,4.0,1,3.5469
36477,4.0,1.0,"Baxter, The",Comedy|Drama|Romance,2005,4.0,1,3.5469
39869,4.0,1.0,Manderlay,Drama,2005,4.125,4,3.6797
40723,4.0,1.0,Wolf Creek,Crime|Horror|Thriller,2005,3.25,4,3.4297
42732,4.0,1.0,Last Holiday,Comedy,2006,3.5,3,3.5012
43914,4.0,1.0,Winter Passing,Drama,2005,4.0,1,3.5469
44929,4.0,1.0,Candy,Drama|Romance,2006,4.25,2,3.6263
47646,4.0,1.0,Idlewild,Crime|Drama|Musical,2006,4.0,1,3.5469
48262,4.0,1.0,"Bridge, The",Documentary,2006,4.0,1,3.5469
48598,4.0,1.0,Infamous,Drama,2006,3.75,2,3.543
48698,4.0,1.0,Deliver Us from Evil,Documentary,2006,4.5,2,3.668
48741,4.0,1.0,"U.S. vs. John Lennon, The",Documentary,2006,4.0,1,3.5469
48879,4.0,1.0,Catch a Fire,Drama|Thriller,2006,3.25,2,3.4596
49647,4.0,1.0,Charlotte's Web,Children|Comedy|Drama|Fantasy,2006,3.3333,3,3.4627
49688,4.0,1.0,"Dam Busters, The",Action|Drama|War,1955,4.0,1,3.5469
50658,4.0,1.0,49 Up,Documentary,2005,4.0,2,3.5846
52952,4.0,1.0,This Is England,Drama,2006,4.0,8,3.7231
53024,4.0,1.0,Jonestown: The Life and Death of Peoples Temple,Documentary,2006,3.875,4,3.6083
53127,4.0,1.0,Bug,Drama|Horror|Thriller,2007,2.875,4,3.3225
55071,4.0,1.0,No End in Sight,Documentary,2007,4.0,1,3.5469
55112,4.0,1.0,Shanghai Kiss,Comedy|Drama|Romance,2007,4.0,1,3.5469
55167,4.0,1.0,Tekkonkinkreet (Tekkon kinkurîto),Action|Adventure|Animation|Crime|Fantasy,2006,4.625,4,3.8225
55814,4.0,1.0,"Diving Bell and the Butterfly, The (Scaphandre et le papillon, Le)",Drama,2007,4.1,5,3.701
56949,4.0,1.0,27 Dresses,Comedy|Romance,2008,3.3,20,3.3672
57772,4.0,1.0,World on a Wire (Welt am Draht),Crime|Sci-Fi,1973,3.75,2,3.543
58351,4.0,1.0,City of Men (Cidade dos Homens),Drama,2007,4.0,1,3.5469
59126,4.0,1.0,Religulous,Comedy|Documentary,2008,3.8,5,3.601
60766,4.0,1.0,Man on Wire,Documentary,2008,3.6875,8,3.5842
63433,4.0,1.0,Farscape: The Peacekeeper Wars,Action|Adventure|Sci-Fi,2004,3.5,4,3.5011
69275,4.0,1.0,Dead Snow (Død snø),Action|Adventure|Comedy|Horror,2009,4.25,4,3.7154
70293,4.0,1.0,Julie & Julia,Comedy|Drama|Romance,2009,2.9583,12,3.2053
70521,4.0,1.0,Lost in Austen,Drama|Fantasy|Romance|Sci-Fi,2008,3.6667,3,3.5397
70533,4.0,1.0,Evangelion: 1.0 You Are (Not) Alone (Evangerion shin gekijôban: Jo),Action|Animation|Sci-Fi,2007,3.8333,3,3.5781
71033,4.0,1.0,"Secret in Their Eyes, The (El secreto de sus ojos)",Crime|Drama|Mystery|Romance|Thriller,2009,3.8571,7,3.648
71466,4.0,1.0,City Island,Comedy|Drama,2009,4.0,1,3.5469
78703,4.0,1.0,TiMER,Comedy|Drama|Fantasy|Romance,2009,3.75,2,3.543
79008,4.0,1.0,South Park: Imaginationland,Animation|Comedy|Fantasy,2008,4.0,8,3.7231
80083,4.0,1.0,Dragon Ball Z: Dead Zone (Doragon bôru Z 1: Ora no Gohan wo kaese),Action|Adventure|Animation|Fantasy|Sci-Fi,1989,4.0,1,3.5469
80906,4.0,1.0,Inside Job,Documentary,2010,4.2917,12,3.9325
81156,4.0,1.0,Jackass 3D,Action|Comedy|Documentary,2010,3.9167,6,3.6572
81562,4.0,1.0,127 Hours,Adventure|Drama|Thriller,2010,3.8333,18,3.7148
81847,4.0,1.0,Tangled,Animation|Children|Comedy|Fantasy|Musical|Romance|IMAX,2010,3.9167,24,3.7946
81910,4.0,1.0,"Art of the Steal, The",Documentary,2009,4.0,2,3.5846
82527,4.0,1.0,Barney's Version,Drama,2010,4.0,1,3.5469
84187,4.0,1.0,Evangelion: 2.0 You Can (Not) Advance (Evangerion shin gekijôban: Ha),Action|Animation|Drama|Sci-Fi,2009,3.5,3,3.5012
84696,4.0,1.0,Burke and Hare,Comedy|Thriller,2010,4.0,1,3.5469
89305,4.0,1.0,"Inbetweeners Movie, The",Adventure|Comedy,2011,3.6667,3,3.5397
90866,4.0,1.0,Hugo,Children|Drama|Mystery,2011,3.75,18,3.6613
95165,4.0,1.0,Dragon Ball Z the Movie: The World's Strongest (a.k.a. Dragon Ball Z: The Strongest Guy in The World) (Doragon bôru Z: Kono yo de ichiban tsuyoi yatsu),Action|Adventure|Animation|Sci-Fi|Thriller,1990,4.0,1,3.5469
95182,4.0,1.0,Dragon Ball Z the Movie: The Tree of Might (Doragon bôru Z 3: Chikyû marugoto chô kessen),Action|Adventure|Animation|Sci-Fi,1990,3.0,2,3.418
95475,4.0,1.0,Dragon Ball Z: Cooler's Revenge (Doragon bôru Z 5: Tobikkiri no saikyô tai saikyô),Action|Adventure|Animation,1991,4.0,2,3.5846
95499,4.0,1.0,Dragon Ball Z: Broly - The Legendary Super Saiyan (Doragon bôru Z 8: Moetsukiro!! Nessen retsusen-chô gekisen),Action|Adventure|Animation,1993,4.0,1,3.5469
95519,4.0,1.0,Dragon Ball Z: Bojack Unbound (Doragon bôru Z 9: Ginga girigiri!! Butchigiri no sugoi yatsu),Action|Adventure|Animation|Fantasy,1993,4.0,1,3.5469
95771,4.0,1.0,Dragon Ball Z: Broly Second Coming (Doragon bôru Z 10: Kiken na futari! Sûpâ senshi wa nemurenai),Action|Adventure|Animation,1994,4.0,1,3.5469
95780,4.0,1.0,Dragon Ball Z: Bio-Broly (Doragon bôru Z 11: Sûpâ senshi gekiha! Katsu no wa ore da),Action|Adventure|Animation,1994,4.0,1,3.5469
95965,4.0,1.0,Dragon Ball Z: Bardock - The Father of Goku (Doragon bôru Z: Tatta hitori no saishuu kessen - Furiiza ni itonda Z senshi Kakarotto no chichi),Action|Adventure|Animation,1990,4.0,1,3.5469
97870,4.0,1.0,"Sessions, The (Surrogate, The)",Drama,2012,4.0,1,3.5469
101895,4.0,1.0,42,Drama,2013,4.0,1,3.5469
102123,4.0,1.0,This Is the End,Action|Comedy,2013,3.2143,14,3.334
103141,4.0,1.0,Monsters University,Adventure|Animation|Comedy,2013,3.875,16,3.7314
104078,4.0,1.0,Alan Partridge: Alpha Papa,Comedy,2013,4.0,1,3.5469
104913,4.0,1.0,Rush,Action|Drama,2013,3.8182,11,3.6674
106062,4.0,1.0,Jackass Presents: Bad Grandpa,Comedy,2013,3.25,2,3.4596
106487,4.0,1.0,The Hunger Games: Catching Fire,Action|Adventure|Sci-Fi|IMAX,2013,3.6346,26,3.5977
107141,4.0,1.0,Saving Mr. Banks,Comedy|Drama,2013,3.6875,8,3.5842
107348,4.0,1.0,Anchorman 2: The Legend Continues,Comedy,2013,3.3636,11,3.4293
107999,4.0,1.0,Dragon ball Z 04: Lord Slug,Animation|Children,1991,4.0,1,3.5469
112138,4.0,1.0,22 Jump Street,Action|Comedy|Crime,2014,3.6842,19,3.6212
114028,4.0,1.0,Pride,Comedy|Drama,2014,4.0,2,3.5846
114935,4.0,1.0,Predestination,Action|Mystery|Sci-Fi|Thriller,2014,3.9,10,3.7008
115231,4.0,1.0,St. Vincent,Comedy,2014,3.25,2,3.4596
116823,4.0,1.0,The Hunger Games: Mockingjay - Part 1,Adventure|Sci-Fi|Thriller,2014,3.8696,23,3.7581
134393,4.0,1.0,Trainwreck,Comedy|Romance,2015,3.2,10,3.3508
134881,4.0,1.0,Love & Mercy,Drama,2014,4.3333,3,3.6935
135143,4.0,1.0,Fantastic Beasts and Where to Find Them,Fantasy,2016,3.6786,14,3.6048
135861,4.0,1.0,Ted 2,Comedy,2015,2.7778,9,3.1587
136449,4.0,1.0,Ghost in the Shell 2.0,Action|Animation|Sci-Fi,2008,3.75,2,3.543
137859,4.0,1.0,Dragon Ball Z Gaiden: The Plot to Destroy the Saiyans,Action|Adventure|Animation,1993,4.0,1,3.5469
155659,4.0,1.0,Florence Foster Jenkins,Comedy|Drama,2016,4.0,1,3.5469
157296,4.0,1.0,Finding Dory,Adventure|Animation|Comedy,2016,3.5769,13,3.5442
158872,4.0,1.0,Sausage Party,Animation|Comedy,2016,3.6429,7,3.5597
171495,4.0,1.0,Cosmos,Comedy|Drama|Mystery,2015,4.5,2,3.668
2782,3.995,2.0,Pit and the Pendulum,Horror,1961,3.3333,3,3.4627
306,3.987,2.0,Three Colors: Red (Trois couleurs: Rouge),Drama,1994,4.2188,16,3.9429
3429,3.987,2.0,Creature Comforts,Animation|Comedy,1989,4.25,12,3.9098
4738,3.987,2.0,Happy Accidents,Romance|Sci-Fi,2000,4.0,4,3.644
1258,3.986,9.0,"Shining, The",Horror,1980,4.0826,109,4.0337
1219,3.985,8.0,Psycho,Crime|Horror,1960,4.0361,83,3.9787
7386,3.979,2.0,"Ten Commandments, The",Adventure|Drama,1956,3.75,4,3.5725
1147,3.975,2.0,When We Were Kings,Documentary,1996,3.9,10,3.7008
93510,3.95,3.0,21 Jump Street,Action|Comedy|Crime,2012,3.8654,26,3.7643
2366,3.904,2.0,King Kong,Action|Adventure|Fantasy|Horror,1933,3.64,25,3.6004
1253,3.893,6.0,"Day the Earth Stood Still, The",Drama|Sci-Fi|Thriller,1951,3.82,25,3.729
70,3.887,5.0,From Dusk Till Dawn,Action|Comedy|Horror|Thriller,1996,3.5091,55,3.5079
6893,3.864,4.0,"Italian Job, The",Action|Comedy|Crime,1969,3.85,10,3.6758
1256,3.861,4.0,Duck Soup,Comedy|Musical|War,1933,3.8043,23,3.7126
1449,3.86,4.0,Waiting for Guffman,Comedy,1996,3.875,24,3.7652
1960,3.859,4.0,"Last Emperor, The",Drama,1987,3.6923,26,3.6393
1955,3.843,3.0,Kramer vs. Kramer,Drama,1979,3.8929,14,3.7298
7158,3.84,3.0,House of Sand and Fog,Drama,2003,3.7778,9,3.6324
1244,3.839,3.0,Manhattan,Comedy|Drama|Romance,1979,4.1061,33,3.9655
1269,3.838,3.0,Arsenic and Old Lace,Comedy|Mystery|Thriller,1944,3.8793,29,3.7825
45028,3.83,3.0,"Prairie Home Companion, A",Comedy|Drama|Musical,2006,3.6667,6,3.5635
4225,3.828,3.0,"Dish, The",Comedy,2001,4.0,7,3.7068
5522,3.825,3.0,Rollerball,Action|Drama|Sci-Fi,1975,3.5,4,3.5011
1237,3.822,3.0,"Seventh Seal, The (Sjunde inseglet, Det)",Drama,1957,4.2222,18,3.9648
1755,3.822,3.0,Shooting Fish,Comedy|Romance,1997,4.1,5,3.701
6193,3.82,3.0,Poolhall Junkies,Comedy|Drama|Thriller,2002,3.8333,3,3.5781
898,3.812,3.0,"Philadelphia Story, The",Comedy|Drama|Romance,1940,4.3103,29,4.103
80489,3.812,3.0,"Town, The",Crime|Drama|Thriller,2010,3.9545,22,3.813
52435,3.808,3.0,How the Grinch Stole Christmas!,Animation|Comedy|Fantasy|Musical,1966,3.5909,11,3.5484
3871,3.799,3.0,Shane,Drama|Western,1953,3.9,5,3.6344
74458,3.797,3.0,Shutter Island,Drama|Mystery|Thriller,2010,4.0224,67,3.9547
2118,3.788,3.0,"Dead Zone, The",Thriller,1983,3.7333,15,3.6406
1254,3.787,3.0,"Treasure of the Sierra Madre, The",Action|Adventure|Drama|Western,1948,3.6562,16,3.5968
56145,3.784,3.0,"Mist, The",Horror|Sci-Fi,2007,3.4286,14,3.459
6785,3.782,2.0,Seven Brides for Seven Brothers,Comedy|Musical|Romance|Western,1954,3.75,4,3.5725
3629,3.781,3.0,"Gold Rush, The",Adventure|Comedy|Romance,1925,4.0714,7,3.7362
8866,3.777,2.0,Wimbledon,Comedy|Romance,2004,3.1111,9,3.3166
1212,3.774,3.0,"Third Man, The",Film-Noir|Mystery|Thriller,1949,4.2292,24,4.0152
26614,3.772,2.0,"Bourne Identity, The",Action|Adventure|Drama|Mystery|Thriller,1988,3.3889,9,3.4482
3201,3.768,2.0,Five Easy Pieces,Drama,1970,4.5,8,3.9453
7762,3.768,2.0,"Tinker, Tailor, Soldier, Spy",Drama|Thriller,1979,3.625,4,3.5368
97913,3.767,2.0,Wreck-It Ralph,Animation|Comedy,2012,3.75,22,3.6724
2688,3.765,2.0,"General's Daughter, The",Crime|Drama|Mystery|Thriller,1999,2.9333,15,3.1606
63072,3.765,2.0,"Road, The",Adventure|Drama|Thriller,2009,3.8889,9,3.685
2066,3.761,2.0,Out of the Past,Film-Noir,1947,4.125,4,3.6797
7059,3.761,2.0,National Velvet,Children|Drama,1944,3.75,2,3.543
55253,3.761,2.0,"Lust, Caution (Se, jie)",Drama|Romance|Thriller|War,2007,3.75,4,3.5725
34542,3.758,4.0,Grizzly Man,Documentary,2005,3.7,5,3.5677
3260,3.758,2.0,Howards End,Drama,1992,4.0,12,3.7734
7619,3.753,2.0,"Miracle Worker, The",Drama,1962,3.6667,3,3.5397
42004,3.753,2.0,Transamerica,Adventure|Comedy|Drama,2005,3.5,6,3.501
1175,3.752,2.0,Delicatessen,Comedy|Drama|Romance,1991,3.8333,21,3.7263
34271,3.752,2.0,Hustle & Flow,Crime|Drama,2005,3.75,4,3.5725
36537,3.752,2.0,Thumbsucker,Comedy|Drama,2005,3.3333,3,3.4627
3274,3.749,2.0,Single White Female,Drama|Thriller,1992,3.375,12,3.4325
246,3.748,2.0,Hoop Dreams,Documentary,1994,4.2931,29,4.0901
4178,3.748,2.0,Of Mice and Men,Drama,1939,3.5,6,3.501
48322,3.748,2.0,Jackass Number Two,Comedy|Documentary,2006,3.5714,7,3.5303
941,3.744,2.0,"Mark of Zorro, The",Adventure,1940,3.75,2,3.543
971,3.743,2.0,Cat on a Hot Tin Roof,Drama,1958,4.1,10,3.8008
1301,3.743,2.0,Forbidden Planet,Drama|Sci-Fi,1956,3.8077,13,3.6746
2467,3.743,2.0,"Name of the Rose, The (Name der Rose, Der)",Crime|Drama|Mystery|Thriller,1986,3.75,18,3.6613
5873,3.743,2.0,The Emperor's Club,Drama,2002,3.875,4,3.6083
7048,3.743,2.0,Nothing to Lose,Action|Adventure|Comedy|Crime,1997,3.375,4,3.4654
7299,3.743,2.0,Monsieur Ibrahim (Monsieur Ibrahim et les fleurs du Coran),Drama,2003,3.6667,3,3.5397
42718,3.743,2.0,District 13 (Banlieue 13),Action|Crime|Sci-Fi,2004,3.8,5,3.601
74668,3.743,2.0,District 13: Ultimatum (Banlieue 13 - Ultimatum),Action|Sci-Fi,2009,3.75,2,3.543
2966,3.739,4.0,"Straight Story, The",Adventure|Drama,1999,3.9286,14,3.7507
6639,3.739,2.0,Wait Until Dark,Drama|Thriller,1967,3.4286,7,3.4715
7311,3.739,2.0,"Goodbye, Mr. Chips",Drama|Romance,1939,3.6667,3,3.5397
50740,3.739,2.0,Seven Up!,Documentary,1964,3.8333,3,3.5781
29,3.735,4.0,"City of Lost Children, The (Cité des enfants perdus, La)",Adventure|Drama|Fantasy|Mystery|Sci-Fi,1995,4.0132,38,3.9066
2336,3.735,4.0,Elizabeth,Drama,1998,3.6739,23,3.6217
7419,3.734,2.0,After Hours,Comedy|Thriller,1985,3.7857,7,3.6186
86833,3.733,2.0,Bridesmaids,Comedy,2011,3.7619,21,3.6779
1834,3.732,2.0,"Spanish Prisoner, The",Crime|Drama|Mystery|Thriller,1997,4.0,11,3.7627
5047,3.728,2.0,Kung Pow: Enter the Fist,Action|Comedy,2002,3.2222,9,3.3692
60291,3.728,2.0,Gonzo: The Life and Work of Dr. Hunter S. Thompson,Documentary,2008,3.75,2,3.543
73023,3.728,2.0,Crazy Heart,Drama|Romance,2009,4.1,5,3.701
1245,3.726,4.0,Miller's Crossing,Crime|Drama|Film-Noir|Thriller,1990,4.225,20,3.9839
42418,3.722,4.0,"New World, The",Adventure|Drama|Romance,2005,3.2,5,3.401
3334,3.713,3.0,Key Largo,Crime|Drama|Film-Noir|Thriller,1948,4.2,10,3.8508
3196,3.707,4.0,Stalag 17,Drama|War,1953,3.7222,9,3.6061
45431,3.705,3.0,Over the Hedge,Adventure|Animation|Children|Comedy,2006,3.4286,14,3.459
3503,3.702,3.0,Solaris (Solyaris),Drama|Mystery|Sci-Fi,1972,4.0909,11,3.8103
6305,3.695,4.0,Fahrenheit 451,Drama|Sci-Fi,1966,3.6,10,3.5508
1333,3.691,4.0,"Birds, The",Horror|Thriller,1963,3.6023,44,3.5836
56251,3.684,3.0,Futurama: Bender's Big Score,Animation|Comedy|Sci-Fi,2007,3.9,10,3.7008
62956,3.684,3.0,Futurama: Bender's Game,Action|Adventure|Animation|Comedy|Fantasy|Sci-Fi,2008,3.4444,9,3.4745
69784,3.684,3.0,Brüno (Bruno),Comedy,2009,3.65,10,3.5758
97,3.677,2.0,"Hate (Haine, La)",Crime|Drama,1995,3.9,10,3.7008
2788,3.676,5.0,Monty Python's And Now for Something Completely Different,Comedy,1971,4.0536,28,3.9083
2171,3.661,2.0,Next Stop Wonderland,Comedy|Drama|Romance,1998,3.3125,8,3.4175
1125,3.659,3.0,"Return of the Pink Panther, The",Comedy|Crime,1975,3.6875,24,3.6328
56339,3.659,3.0,"Orphanage, The (Orfanato, El)",Drama|Horror|Mystery|Thriller,2007,3.875,8,3.6675
2846,3.654,3.0,"Adventures of Milo and Otis, The (Koneko monogatari)",Adventure|Children|Comedy|Drama,1986,3.8571,7,3.648
2993,3.65,6.0,Thunderball,Action|Adventure|Thriller,1965,3.4792,24,3.4858
1248,3.65,3.0,Touch of Evil,Crime|Film-Noir|Thriller,1958,4.2647,17,3.9821
6645,3.642,4.0,THX 1138,Action|Adventure|Drama|Sci-Fi,1971,3.7857,7,3.6186
2324,3.641,6.0,Life Is Beautiful (La Vita è bella),Comedy|Drama|Romance|War,1997,4.1477,88,4.0818
3681,3.641,6.0,For a Few Dollars More (Per qualche dollaro in più),Action|Drama|Thriller|Western,1965,4.1515,33,4.0004
1183,3.638,4.0,"English Patient, The",Drama|Romance|War,1996,3.7111,45,3.673
2728,3.637,6.0,Spartacus,Action|Drama|Romance|War,1960,3.5769,13,3.5442
2288,3.631,3.0,"Thing, The",Action|Horror|Sci-Fi|Thriller,1982,3.9333,45,3.8548
2952,3.628,3.0,Sydney (Hard Eight),Crime|Drama|Thriller,1996,3.5417,12,3.5234
80219,3.625,3.0,Machete,Action|Adventure|Comedy|Crime|Thriller,2010,3.25,12,3.3643
7802,3.624,3.0,"Warriors, The",Action|Adventure|Crime|Thriller,1979,3.9375,8,3.6953
2664,3.623,4.0,Invasion of the Body Snatchers,Horror|Sci-Fi|Thriller,1956,3.7692,13,3.6529
2384,3.619,4.0,Babe: Pig in the City,Adventure|Children|Drama,1998,2.7759,29,2.9619
2111,3.616,4.0,"Man with Two Brains, The",Comedy,1983,3.25,10,3.3758
3045,3.612,3.0,Peter's Friends,Comedy|Drama,1992,3.6,5,3.5344
2160,3.595,4.0,Rosemary's Baby,Drama|Horror|Thriller,1968,4.1719,32,4.0123
3730,3.595,4.0,"Conversation, The",Drama|Mystery,1974,4.2059,17,3.945
3683,3.593,4.0,Blood Simple,Crime|Drama|Film-Noir,1984,4.0,19,3.8281
7247,3.589,3.0,Chitty Chitty Bang Bang,Adventure|Children|Comedy|Fantasy|Musical,1968,3.4545,11,3.4769
920,3.588,5.0,Gone with the Wind,Drama|Romance|War,1939,3.6444,45,3.6185
6879,3.586,6.0,Runaway Jury,Drama|Thriller,2003,3.4412,17,3.4635
1287,3.58,4.0,Ben-Hur,Action|Adventure|Drama,1959,3.9412,34,3.8413
34323,3.578,4.0,"Devil's Rejects, The",Action|Crime|Horror,2005,3.7143,7,3.5892
5690,3.577,4.0,Grave of the Fireflies (Hotaru no haka),Animation|Drama|War,1988,4.1562,16,3.9044
2863,3.575,6.0,"Hard Day's Night, A",Adventure|Comedy|Musical,1964,3.4737,19,3.4833
52328,3.544,2.0,Sunshine,Adventure|Drama|Sci-Fi|Thriller,2007,3.6429,14,3.584
93287,3.535,2.0,"Big Year, The",Comedy,2011,3.75,4,3.5725
1429,3.533,3.0,First Strike (Police Story 4: First Strike) (Ging chaat goo si 4: Ji gaan daan yam mo),Action|Adventure|Comedy|Thriller,1996,3.575,20,3.5505
5528,3.532,8.0,One Hour Photo,Drama|Thriller,2002,3.4737,19,3.4833
46967,3.519,2.0,Scoop,Comedy|Fantasy|Mystery,2006,3.375,4,3.4654
2310,3.513,2.0,"Mighty, The",Drama,1998,3.6667,3,3.5397
3182,3.513,2.0,"Mr. Death: The Rise and Fall of Fred A. Leuchter, Jr.",Documentary,1999,4.0,5,3.6677
2550,3.51,2.0,"Haunting, The",Horror|Thriller,1963,4.0,7,3.7068
7064,3.509,2.0,Beauty and the Beast (La belle et la bête),Drama|Fantasy,1946,3.25,6,3.4072
8507,3.509,2.0,Freaks,Crime|Drama|Horror,1932,3.1667,9,3.3429
2013,3.505,4.0,"Poseidon Adventure, The",Action|Adventure|Drama,1972,3.0952,21,3.2263
3812,3.505,4.0,Everything You Always Wanted to Know About Sex * But Were Afraid to Ask,Comedy,1972,3.4583,12,3.478
986,3.505,2.0,Fly Away Home,Adventure|Children,1996,3.5385,13,3.5224
2919,3.505,2.0,"Year of Living Dangerously, The",Drama|Romance|War,1982,3.8125,8,3.6398
3115,3.505,2.0,Flawless,Drama,1999,4.0,5,3.6677
34528,3.505,2.0,Junebug,Comedy|Drama,2005,3.6667,3,3.5397
26965,3.504,2.0,"Boxer, The",Drama|Thriller,1997,3.5,2,3.5013
60161,3.504,2.0,Futurama: The Beast with a Billion Backs,Action|Animation|Comedy|Romance|Sci-Fi,2008,3.5,6,3.501
86911,3.504,2.0,"Hangover Part II, The",Comedy,2011,3.2667,15,3.3606
2176,3.5,3.0,Rope,Crime|Drama|Thriller,1948,3.9,10,3.7008
2183,3.5,3.0,"Man Who Knew Too Much, The",Adventure|Drama|Mystery|Thriller,1956,3.5556,9,3.5271
1284,3.5,2.0,"Big Sleep, The",Crime|Film-Noir|Mystery,1946,4.1429,14,3.8757
2181,3.5,2.0,Marnie,Drama|Mystery|Romance|Thriller,1964,3.625,4,3.5368
3928,3.5,2.0,Abbott and Costello Meet Frankenstein,Comedy|Horror,1948,3.75,4,3.5725
3966,3.5,2.0,Detour,Crime|Film-Noir,1945,3.5,2,3.5013
4919,3.5,2.0,Subway,Crime|Drama|Romance|Thriller,1985,3.5,2,3.5013
4921,3.5,2.0,Little Women,Drama|Romance,1933,4.0,5,3.6677
5434,3.5,2.0,"Sorry, Wrong Number",Drama|Film-Noir|Thriller,1948,3.8,5,3.601
7362,3.5,2.0,Taking Lives,Crime|Drama|Thriller,2004,3.25,4,3.4297
7618,3.5,2.0,Chaplin,Drama,1992,3.5,2,3.5013
7698,3.5,2.0,"China Syndrome, The",Drama|Thriller,1979,3.7,5,3.5677
26776,3.5,2.0,Porco Rosso (Crimson Pig) (Kurenai no buta),Adventure|Animation|Comedy|Fantasy|Romance,1992,3.8929,14,3.7298
27741,3.5,2.0,"Twilight Samurai, The (Tasogare Seibei)",Drama|Romance,2002,3.8333,6,3.626
31410,3.5,2.0,"Downfall (Untergang, Der)",Drama|War,2004,3.875,20,3.7505
37736,3.5,2.0,Oliver Twist,Drama,2005,3.5,3,3.5012
62999,3.5,2.0,Madagascar: Escape 2 Africa,Action|Adventure|Animation|Children|Comedy|IMAX,2008,3.6923,13,3.6094
58,3.5,1.0,"Postman, The (Postino, Il)",Comedy|Drama|Romance,1994,4.027,37,3.9152
96,3.5,1.0,In the Bleak Midwinter,Comedy|Drama,1995,3.5,1,3.5014
116,3.5,1.0,Anne Frank Remembered,Documentary,1995,3.9,5,3.6344
272,3.5,1.0,"Madness of King George, The",Comedy|Drama,1994,3.7581,31,3.6955
407,3.5,1.0,In the Mouth of Madness,Horror|Thriller,1995,3.4375,8,3.4731
425,3.5,1.0,Blue Sky,Drama|Romance,1994,3.75,2,3.543
509,3.5,1.0,"Piano, The",Drama|Romance,1993,3.541,61,3.5354
513,3.5,1.0,Radioland Murders,Comedy|Mystery|Romance,1994,3.375,4,3.4654
668,3.5,1.0,Song of the Little Road (Pather Panchali),Drama,1955,4.25,2,3.6263
718,3.5,1.0,"Visitors, The (Visiteurs, Les)",Comedy|Fantasy|Sci-Fi,1993,4.125,4,3.6797
840,3.5,1.0,House Arrest,Children|Comedy,1996,3.375,4,3.4654
851,3.5,1.0,Basquiat,Drama,1996,2.8333,6,3.251
875,3.5,1.0,Nothing to Lose,Action|Crime|Drama,1994,3.5,1,3.5014
918,3.5,1.0,Meet Me in St. Louis,Musical,1944,4.1,10,3.8008
929,3.5,1.0,Foreign Correspondent,Drama|Film-Noir|Mystery|Thriller,1940,3.5,1,3.5014
943,3.5,1.0,"Ghost and Mrs. Muir, The",Drama|Fantasy|Romance,1947,3.9286,7,3.6774
947,3.5,1.0,My Man Godfrey,Comedy|Romance,1936,3.75,4,3.5725
949,3.5,1.0,East of Eden,Drama,1955,3.9167,6,3.6572
959,3.5,1.0,Of Human Bondage,Drama,1934,3.5,1,3.5014
970,3.5,1.0,Beat the Devil,Adventure|Comedy|Crime|Drama|Romance,1953,3.5,1,3.5014
1068,3.5,1.0,Crossfire,Crime|Film-Noir,1947,3.5,1,3.5014
1082,3.5,1.0,"Candidate, The",Drama,1972,3.5833,6,3.5322
1099,3.5,1.0,"Christmas Carol, A",Children|Drama|Fantasy,1938,3.375,4,3.4654
1241,3.5,1.0,Dead Alive (Braindead),Comedy|Fantasy|Horror,1992,4.05,10,3.7758
1255,3.5,1.0,Bad Taste,Comedy|Horror|Sci-Fi,1987,3.0,6,3.3135
1300,3.5,1.0,My Life as a Dog (Mitt liv som hund),Comedy|Drama,1985,4.1667,9,3.8166
1340,3.5,1.0,"Bride of Frankenstein, The (Bride of Frankenstein)",Drama|Horror|Sci-Fi,1935,3.1667,3,3.4243
1437,3.5,1.0,"Cement Garden, The",Drama,1993,4.25,2,3.6263
1460,3.5,1.0,That Darn Cat,Children|Comedy|Mystery,1997,3.25,2,3.4596
1483,3.5,1.0,Crash,Drama|Thriller,1996,3.0909,11,3.2865
1503,3.5,1.0,8 Heads in a Duffel Bag,Comedy,1997,3.0,4,3.3583
1507,3.5,1.0,Paradise Road,Drama|War,1997,3.5,1,3.5014
1529,3.5,1.0,Nowhere,Comedy|Drama,1997,3.3333,3,3.4627
1546,3.5,1.0,Schizopolis,Comedy,1996,3.5,1,3.5014
1547,3.5,1.0,Shiloh,Children|Drama,1997,3.25,2,3.4596
1649,3.5,1.0,"Fast, Cheap & Out of Control",Documentary,1997,2.5,3,3.2704
1875,3.5,1.0,Clockwatchers,Comedy,1997,3.9167,6,3.6572
1889,3.5,1.0,Insomnia,Drama|Mystery|Thriller,1997,3.75,8,3.612
1927,3.5,1.0,All Quiet on the Western Front,Action|Drama|War,1930,4.35,10,3.9258
1928,3.5,1.0,Cimarron,Drama|Western,1931,3.5,1,3.5014
1932,3.5,1.0,"Great Ziegfeld, The",Drama|Musical,1936,3.5,1,3.5014
1934,3.5,1.0,You Can't Take It with You,Comedy|Romance,1938,3.8333,3,3.5781
1937,3.5,1.0,Going My Way,Comedy|Drama|Musical,1944,3.25,2,3.4596
1939,3.5,1.0,"Best Years of Our Lives, The",Drama|War,1946,4.0625,8,3.7509
1942,3.5,1.0,All the King's Men,Drama,1949,4.25,4,3.7154
1946,3.5,1.0,Marty,Drama|Romance,1955,3.8333,3,3.5781
1964,3.5,1.0,Klute,Drama|Mystery,1971,4.0833,6,3.7197
2069,3.5,1.0,"Trip to Bountiful, The",Drama,1985,4.25,2,3.6263
2132,3.5,1.0,Who's Afraid of Virginia Woolf?,Drama,1966,4.1429,7,3.7656
2159,3.5,1.0,Henry: Portrait of a Serial Killer,Crime|Horror|Thriller,1986,3.9286,7,3.6774
2180,3.5,1.0,Torn Curtain,Thriller,1966,3.5,1,3.5014
2184,3.5,1.0,"Trouble with Harry, The",Comedy|Mystery,1955,3.4167,6,3.4697
2187,3.5,1.0,Stage Fright,Mystery|Romance|Thriller,1950,3.5,2,3.5013
2204,3.5,1.0,Saboteur,Mystery|Thriller,1942,3.875,4,3.6083
2210,3.5,1.0,Sabotage,Thriller,1936,3.25,2,3.4596
2227,3.5,1.0,"Lodger: A Story of the London Fog, The",Crime|Drama|Thriller,1927,3.5,3,3.5012
2323,3.5,1.0,"Cruise, The",Documentary,1998,4.25,2,3.6263
2333,3.5,1.0,Gods and Monsters,Drama,1998,4.125,4,3.6797
2390,3.5,1.0,Little Voice,Comedy,1998,3.9286,7,3.6774
2553,3.5,1.0,Village of the Damned,Horror|Sci-Fi|Thriller,1960,3.0833,6,3.3447
2554,3.5,1.0,Children of the Damned,Horror|Sci-Fi|Thriller,1963,3.1667,3,3.4243
2644,3.5,1.0,Dracula,Horror,1931,3.3333,9,3.4219
2648,3.5,1.0,Frankenstein,Drama|Horror|Sci-Fi,1931,3.9091,11,3.715
2654,3.5,1.0,"Wolf Man, The",Drama|Fantasy|Horror,1941,3.6,5,3.5344
2660,3.5,1.0,"Thing from Another World, The",Horror|Sci-Fi,1951,3.5,4,3.5011
2668,3.5,1.0,Swamp Thing,Horror|Sci-Fi,1982,2.9375,8,3.2509
2697,3.5,1.0,My Son the Fanatic,Comedy|Drama|Romance,1997,3.5,1,3.5014
2729,3.5,1.0,Lolita,Drama|Romance,1962,3.5,7,3.5009
2750,3.5,1.0,Radio Days,Comedy|Drama,1987,3.1429,7,3.3539
2757,3.5,1.0,Frances,Drama,1982,3.5,1,3.5014
2764,3.5,1.0,"Thomas Crown Affair, The",Crime|Drama|Romance|Thriller,1968,4.0,7,3.7068
2765,3.5,1.0,"Acid House, The",Comedy|Drama,1998,3.5,1,3.5014
2772,3.5,1.0,Detroit Rock City,Comedy,1999,2.85,10,3.1758
2929,3.5,1.0,Reds,Drama|Romance,1981,3.25,2,3.4596
2930,3.5,1.0,Return with Honor,Documentary,1998,3.5,1,3.5014
2936,3.5,1.0,Sullivan's Travels,Adventure|Comedy|Romance,1941,4.0,7,3.7068
2943,3.5,1.0,Indochine,Drama|Romance,1992,4.1667,3,3.6551
3007,3.5,1.0,American Movie,Documentary,1999,3.75,6,3.5947
3022,3.5,1.0,"General, The",Comedy|War,1926,4.0,9,3.7377
3032,3.5,1.0,"Omega Man, The",Action|Drama|Sci-Fi|Thriller,1971,3.6667,6,3.5635
3083,3.5,1.0,All About My Mother (Todo sobre mi madre),Drama,1999,4.1579,19,3.9316
3090,3.5,1.0,Matewan,Drama,1987,4.1667,6,3.751
3102,3.5,1.0,Jagged Edge,Crime|Romance|Thriller,1985,3.5714,7,3.5303
3153,3.5,1.0,"7th Voyage of Sinbad, The",Action|Adventure|Fantasy,1958,4.4,5,3.801
3163,3.5,1.0,Topsy-Turvy,Comedy|Drama|Musical,1999,3.875,4,3.6083
3177,3.5,1.0,Next Friday,Comedy,2000,3.25,6,3.4072
3194,3.5,1.0,"Way We Were, The",Drama|Romance,1973,3.625,4,3.5368
3217,3.5,1.0,"Star Is Born, A",Drama,1937,3.5,3,3.5012
3230,3.5,1.0,"Odessa File, The",Thriller,1974,3.875,4,3.6083
3266,3.5,1.0,Man Bites Dog (C'est arrivé près de chez vous),Comedy|Crime|Drama|Thriller,1992,4.5,6,3.876
3364,3.5,1.0,"Asphalt Jungle, The",Crime|Film-Noir,1950,3.6667,3,3.5397
3467,3.5,1.0,Hud,Drama|Western,1963,3.75,4,3.5725
3470,3.5,1.0,Dersu Uzala,Adventure|Drama,1975,4.3,5,3.7677
3516,3.5,1.0,"Bell, Book and Candle",Comedy|Fantasy|Romance,1958,3.375,4,3.4654
3545,3.5,1.0,Cabaret,Drama|Musical,1972,3.0,5,3.3344
3554,3.5,1.0,Love and Basketball,Drama|Romance,2000,3.0,3,3.3858
3609,3.5,1.0,Regret to Inform,Documentary,1998,3.5,1,3.5014
3641,3.5,1.0,"Woman of Paris, A",Drama,1923,4.0,2,3.5846
3726,3.5,1.0,Assault on Precinct 13,Action|Thriller,1976,3.6,5,3.5344
3733,3.5,1.0,"Paper Chase, The",Drama,1973,3.8333,3,3.5781
3739,3.5,1.0,Trouble in Paradise,Comedy|Romance,1932,3.5,1,3.5014
3789,3.5,1.0,"Pawnbroker, The",Drama,1964,3.5,1,3.5014
3846,3.5,1.0,Easy Money,Comedy,1983,3.625,4,3.5368
3901,3.5,1.0,Duets,Comedy|Drama,2000,3.25,2,3.4596
3938,3.5,1.0,"Slumber Party Massacre, The",Horror,1982,2.75,2,3.3763
3963,3.5,1.0,"Unsinkable Molly Brown, The",Musical,1964,3.75,2,3.543
3965,3.5,1.0,"Strange Love of Martha Ivers, The",Drama|Film-Noir,1946,3.5,1,3.5014
3989,3.5,1.0,One Day in September,Documentary,1999,4.0,2,3.5846
4080,3.5,1.0,Baby Boom,Comedy,1987,3.25,2,3.4596
4143,3.5,1.0,Valentine,Horror|Mystery,2001,3.5,1,3.5014
4187,3.5,1.0,Lilies of the Field,Drama,1963,3.8333,3,3.5781
4218,3.5,1.0,River's Edge,Crime|Drama,1986,3.5,1,3.5014
4313,3.5,1.0,"Man Who Cried, The",Drama,2000,3.5,2,3.5013
4409,3.5,1.0,Shadows and Fog,Comedy|Drama|Mystery|Thriller,1991,3.3333,3,3.4627
4419,3.5,1.0,All That Heaven Allows,Drama|Romance,1955,4.25,4,3.7154
4432,3.5,1.0,Sweet Smell of Success,Drama|Film-Noir,1957,4.125,4,3.6797
4433,3.5,1.0,Written on the Wind,Drama,1956,4.25,2,3.6263
4484,3.5,1.0,Camille Claudel,Drama,1988,3.75,2,3.543
4533,3.5,1.0,"Return of the Living Dead, The",Comedy|Horror|Sci-Fi,1985,3.75,4,3.5725
4699,3.5,1.0,Original Sin,Drama|Romance|Thriller,2001,2.75,2,3.3763
4710,3.5,1.0,"Shootist, The",Drama|Western,1976,3.5,1,3.5014
4796,3.5,1.0,"Grass Is Greener, The",Comedy|Romance,1960,3.25,2,3.4596
4798,3.5,1.0,Indiscreet,Comedy|Romance,1958,3.5,1,3.5014
4803,3.5,1.0,Play Misty for Me,Drama|Thriller,1971,3.625,4,3.5368
4804,3.5,1.0,Pocketful of Miracles,Comedy|Drama,1961,3.5,1,3.5014
4871,3.5,1.0,Focus,Drama,2001,3.5,1,3.5014
4877,3.5,1.0,Better Than Sex,Comedy|Romance,2000,3.5,1,3.5014
4911,3.5,1.0,Jabberwocky,Adventure|Comedy|Fantasy,1977,3.5,2,3.5013
4914,3.5,1.0,Breathless (À bout de souffle),Crime|Drama|Romance,1960,3.9375,8,3.6953
4959,3.5,1.0,"Affair of the Necklace, The",Drama,2001,3.25,2,3.4596
4998,3.5,1.0,"Defiant Ones, The",Adventure|Crime|Drama|Thriller,1958,3.5,1,3.5014
5011,3.5,1.0,Charlotte Gray,Drama|Romance,2001,3.75,2,3.543
5054,3.5,1.0,Brainstorm,Sci-Fi|Thriller,1983,3.5,1,3.5014
5116,3.5,1.0,Designing Woman,Comedy,1957,3.5,1,3.5014
5198,3.5,1.0,"Long Good Friday, The",Drama|Thriller,1980,3.5,1,3.5014
5231,3.5,1.0,Road to Morocco,Comedy,1942,3.5,1,3.5014
5238,3.5,1.0,Return of the Secaucus 7,Drama,1980,3.5,2,3.5013
5279,3.5,1.0,Impromptu,Comedy|Romance,1991,4.25,2,3.6263
5341,3.5,1.0,Lenny,Drama,1974,3.75,2,3.543
5397,3.5,1.0,Monkey Business,Comedy|Sci-Fi,1952,2.5,2,3.3346
5475,3.5,1.0,Z,Drama|Mystery|Thriller,1969,3.8333,3,3.5781
5525,3.5,1.0,Mostly Martha (Bella Martha),Comedy|Drama|Romance,2001,3.5,1,3.5014
5544,3.5,1.0,Time After Time,Sci-Fi|Thriller,1979,3.75,4,3.5725
5569,3.5,1.0,"Last House on the Left, The",Crime|Horror|Thriller,1972,3.25,2,3.4596
5588,3.5,1.0,"Hills Have Eyes, The",Horror,1977,3.5,2,3.5013
5602,3.5,1.0,"Ladykillers, The",Comedy|Crime,1955,3.5,1,3.5014
5604,3.5,1.0,"Man in the White Suit, The",Comedy|Sci-Fi,1951,3.5,1,3.5014
5615,3.5,1.0,Invincible,Drama,2001,3.5,1,3.5014
5667,3.5,1.0,Tuck Everlasting,Drama|Fantasy,2002,3.25,2,3.4596
5799,3.5,1.0,Exodus,Drama|Romance|War,1960,3.5,1,3.5014
5826,3.5,1.0,Rio Grande,Romance|Western,1950,3.5,1,3.5014
5853,3.5,1.0,Scanners,Horror|Sci-Fi|Thriller,1981,3.25,2,3.4596
5963,3.5,1.0,"Children's Hour, The",Drama,1961,3.5,2,3.5013
6020,3.5,1.0,Alice Adams,Comedy|Drama,1935,3.5,1,3.5014
6090,3.5,1.0,Kiss Me Goodbye,Comedy,1982,3.5,1,3.5014
6196,3.5,1.0,Cradle 2 the Grave,Action|Crime|Drama|Thriller,2003,3.5,3,3.5012
6235,3.5,1.0,Europa Europa (Hitlerjunge Salomon),Drama|War,1990,4.3333,3,3.6935
6245,3.5,1.0,Sweet Charity,Comedy|Drama|Musical|Romance,1969,3.5,1,3.5014
6250,3.5,1.0,Dreamcatcher,Drama|Horror|Sci-Fi|Thriller,2003,2.6429,7,3.148
6273,3.5,1.0,In a Lonely Place,Drama|Film-Noir|Mystery|Romance,1950,3.5,1,3.5014
6289,3.5,1.0,Ghosts of the Abyss,Documentary|IMAX,2003,3.5,1,3.5014
6327,3.5,1.0,"Decade Under the Influence, A",Documentary,2003,3.5,3,3.5012
6379,3.5,1.0,Wrong Turn,Horror|Thriller,2003,3.0,2,3.418
6390,3.5,1.0,Silk Stockings,Musical,1957,3.5,1,3.5014
6400,3.5,1.0,Murder on a Sunday Morning (Un coupable idéal),Documentary,2001,3.5,1,3.5014
6412,3.5,1.0,Destry Rides Again,Comedy|Western,1939,3.75,2,3.543
6454,3.5,1.0,Music Box,Drama,1989,3.5,1,3.5014
6464,3.5,1.0,Good Burger,Children|Comedy,1997,2.0,2,3.2513
6506,3.5,1.0,Fulltime Killer (Chuen jik sat sau),Action|Thriller,2001,3.5,1,3.5014
6579,3.5,1.0,"One, Two, Three",Comedy,1961,4.0,2,3.5846
6609,3.5,1.0,"Gospel According to St. Matthew, The (Vangelo secondo Matteo, Il)",Drama,1964,3.5,1,3.5014
6658,3.5,1.0,10,Comedy|Romance,1979,3.375,4,3.4654
6660,3.5,1.0,"Red Shoes, The",Drama|Fantasy|Musical|Romance,1948,3.5,1,3.5014
6667,3.5,1.0,Waco: The Rules of Engagement,Documentary,1997,3.5,1,3.5014
6688,3.5,1.0,Autumn Spring (Babí léto),Comedy|Drama,2001,3.5,1,3.5014
6715,3.5,1.0,Children of the Night,Horror,1991,3.5,1,3.5014
6724,3.5,1.0,Paper Moon,Comedy|Crime|Drama,1973,3.6,5,3.5344
6765,3.5,1.0,Under the Tuscan Sun,Comedy|Drama|Romance,2003,3.2778,9,3.3956
6770,3.5,1.0,My Life Without Me,Drama|Romance,2003,3.5,2,3.5013
6783,3.5,1.0,"Rules of the Game, The (La règle du jeu)",Comedy|Drama,1939,3.5,3,3.5012
6852,3.5,1.0,In Cold Blood,Crime|Drama,1967,3.625,4,3.5368
6862,3.5,1.0,Out of Time,Crime|Drama|Thriller,2003,3.5,2,3.5013
6911,3.5,1.0,"Jolson Story, The",Musical,1946,3.5,1,3.5014
6912,3.5,1.0,You'll Never Get Rich,Comedy|Musical|Romance,1941,3.5,1,3.5014
6945,3.5,1.0,My Architect: A Son's Journey,Documentary,2003,4.25,2,3.6263
6950,3.5,1.0,"Missing, The",Adventure|Thriller|Western,2003,3.6667,3,3.5397
6962,3.5,1.0,OT: Our Town,Documentary,2002,3.5,1,3.5014
6965,3.5,1.0,Journeys with George,Documentary,2002,3.5,1,3.5014
6966,3.5,1.0,Darkman,Action|Crime|Fantasy|Sci-Fi|Thriller,1990,3.8333,3,3.5781
6970,3.5,1.0,Desk Set,Comedy|Romance,1957,3.75,2,3.543
6978,3.5,1.0,Slacker,Comedy|Drama,1991,3.25,4,3.4297
6982,3.5,1.0,Forbidden Games (Jeux interdits),Drama|War,1952,3.5,1,3.5014
6987,3.5,1.0,"Cabinet of Dr. Caligari, The (Cabinet des Dr. Caligari., Das)",Crime|Fantasy|Horror,1920,3.8571,7,3.648
6990,3.5,1.0,The Great Train Robbery,Action|Adventure|Comedy|Crime|Drama,1978,3.5,1,3.5014
7001,3.5,1.0,Invasion of the Body Snatchers,Horror|Mystery|Sci-Fi|Thriller,1978,3.75,6,3.5947
7007,3.5,1.0,"Last Boy Scout, The",Action|Comedy|Crime|Drama|Thriller,1991,3.5,8,3.5009
7009,3.5,1.0,Lorenzo's Oil,Drama,1992,3.3333,3,3.4627
7050,3.5,1.0,Follow the Fleet,Comedy|Musical|Romance,1936,3.75,2,3.543
7054,3.5,1.0,Little Women,Drama,1949,3.5,2,3.5013
7057,3.5,1.0,"Midsummer Night's Dream, A",Comedy|Fantasy|Romance,1935,3.5,1,3.5014
7058,3.5,1.0,Life with Father,Comedy,1947,3.5,1,3.5014
7060,3.5,1.0,Jesus Christ Superstar,Drama|Musical,1973,4.0,3,3.6166
7069,3.5,1.0,"Macbeth (a.k.a. Tragedy of Macbeth, The)",Drama,1971,3.5,4,3.5011
7074,3.5,1.0,"Navigator, The",Comedy,1924,3.5,1,3.5014
7075,3.5,1.0,"Court Jester, The",Adventure|Comedy|Musical,1956,3.5,1,3.5014
7080,3.5,1.0,42nd Street,Drama|Musical|Romance,1933,4.0,3,3.6166
7082,3.5,1.0,That Touch of Mink,Comedy|Romance,1962,3.75,2,3.543
7085,3.5,1.0,Send Me No Flowers,Comedy|Romance,1964,3.25,2,3.4596
7086,3.5,1.0,Pygmalion,Comedy|Drama,1938,3.5,1,3.5014
7092,3.5,1.0,Anna Karenina,Drama|Romance,1935,3.5,2,3.5013
7093,3.5,1.0,"Front Page, The",Comedy,1974,3.75,2,3.543
7116,3.5,1.0,Diabolique (Les diaboliques),Horror|Mystery|Thriller,1955,3.125,4,3.394
7164,3.5,1.0,Peter Pan,Action|Adventure|Children|Fantasy,2003,3.0833,6,3.3447
7177,3.5,1.0,Osama,Drama,2003,3.5,1,3.5014
7190,3.5,1.0,Jane Eyre,Drama,1970,3.5,1,3.5014
7208,3.5,1.0,Dr. Jekyll and Mr. Hyde,Drama|Horror,1941,3.75,2,3.543
7211,3.5,1.0,People Will Talk,Comedy|Romance,1951,3.5,1,3.5014
7215,3.5,1.0,To Have and Have Not,Adventure|Drama|Romance|Thriller|War,1944,3.5,4,3.5011
7216,3.5,1.0,High Sierra,Crime|Drama|Film-Noir|Thriller,1941,4.1667,3,3.6551
7297,3.5,1.0,Kitchen Stories (Salmer fra kjøkkenet),Comedy|Drama,2003,3.6667,3,3.5397
7301,3.5,1.0,Diary of a Country Priest (Journal d'un curé de campagne),Drama,1951,3.5,3,3.5012
7303,3.5,1.0,The Diary of Anne Frank,Drama|War,1959,4.0,4,3.644
7321,3.5,1.0,Twisted,Thriller,2004,2.75,2,3.3763
7326,3.5,1.0,"Reckoning, The",Crime|Drama,2004,3.5,1,3.5014
7357,3.5,1.0,Peyton Place,Drama|Romance,1957,3.5,1,3.5014
7368,3.5,1.0,Never Die Alone,Crime|Drama|Thriller,2004,3.5,1,3.5014
7377,3.5,1.0,"United States of Leland, The",Crime|Drama,2003,3.5,1,3.5014
7443,3.5,1.0,This So-Called Disaster,Documentary,2003,3.5,1,3.5014
7481,3.5,1.0,Enemy Mine,Adventure|Drama|Sci-Fi,1985,4.0,4,3.644
7541,3.5,1.0,100 Girls,Comedy|Romance,2000,3.25,4,3.4297
7579,3.5,1.0,Pride and Prejudice,Comedy|Drama|Romance,1940,3.6667,3,3.5397
7581,3.5,1.0,"Fountainhead, The",Drama,1949,3.25,2,3.4596
7647,3.5,1.0,Noises Off...,Comedy,1992,3.75,2,3.543
7657,3.5,1.0,Versus,Action|Comedy|Fantasy|Horror,2000,3.75,2,3.543
7702,3.5,1.0,"Bells of St. Mary's, The",Drama,1945,3.5,1,3.5014
7716,3.5,1.0,"Lonely Guy, The",Comedy,1984,3.5,1,3.5014
7753,3.5,1.0,Tuesdays with Morrie,Drama,1999,3.5,2,3.5013
7772,3.5,1.0,Undercurrent,Film-Noir|Thriller,1946,3.5,1,3.5014
7812,3.5,1.0,Babylon 5: Thirdspace,Drama|Sci-Fi,1998,3.6667,3,3.5397
7826,3.5,1.0,"Secret Life of Walter Mitty, The",Comedy|Romance|Thriller,1947,3.5,1,3.5014
7831,3.5,1.0,Another Thin Man,Comedy|Crime|Drama|Mystery|Romance,1939,3.5,1,3.5014
7832,3.5,1.0,"Thin Man Goes Home, The",Comedy|Crime|Mystery,1945,3.5,1,3.5014
7833,3.5,1.0,Shadow of the Thin Man,Comedy|Crime|Mystery,1941,3.5,1,3.5014
7835,3.5,1.0,Song of the Thin Man,Comedy|Crime|Drama|Musical|Mystery|Romance,1947,3.5,1,3.5014
7839,3.5,1.0,Love Crazy,Comedy,1941,3.5,1,3.5014
7883,3.5,1.0,I Walked with a Zombie,Drama|Horror,1943,2.0,2,3.2513
7888,3.5,1.0,How to Succeed in Business Without Really Trying,Comedy|Musical,1967,4.25,2,3.6263
7895,3.5,1.0,Bring Me the Head of Alfredo Garcia,Crime|Drama|Thriller,1974,3.5,2,3.5013
7896,3.5,1.0,Ride the High Country,Adventure|Drama|Western,1962,3.5,1,3.5014
7982,3.5,1.0,"Tale of Two Sisters, A (Janghwa, Hongryeon)",Drama|Horror|Mystery|Thriller,2003,3.25,4,3.4297
8008,3.5,1.0,Brigadoon,Fantasy|Musical|Romance,1954,4.0,3,3.6166
8094,3.5,1.0,Bad Day at Black Rock,Drama|Thriller|Western,1955,3.5,1,3.5014
8128,3.5,1.0,Au revoir les enfants,Drama,1987,4.1,5,3.701
8131,3.5,1.0,Pursuit of Happiness,Comedy|Romance,2001,3.5,1,3.5014
8142,3.5,1.0,Dead or Alive: Hanzaisha,Action|Crime,1999,4.25,2,3.6263
8232,3.5,1.0,I Love You Again,Comedy|Drama,1940,3.5,1,3.5014
8275,3.5,1.0,College,Comedy,1927,3.5,1,3.5014
8293,3.5,1.0,Used People,Comedy|Drama,1992,3.5,1,3.5014
8302,3.5,1.0,"Front Page, The",Comedy|Drama|Romance,1931,3.5,1,3.5014
8336,3.5,1.0,"Major and the Minor, The",Comedy|Romance,1942,3.5,1,3.5014
8341,3.5,1.0,Oliver Twist,Adventure|Crime|Drama,1948,3.8333,3,3.5781
8410,3.5,1.0,Suddenly,Crime|Drama|Film-Noir,1954,3.5,1,3.5014
8458,3.5,1.0,To Each His Own,Drama,1946,3.5,1,3.5014
8459,3.5,1.0,"Heiress, The",Drama|Romance,1949,3.5,1,3.5014
8461,3.5,1.0,Dragon Seed,Drama|War,1944,3.5,1,3.5014
8465,3.5,1.0,Johnny Eager,Crime|Drama|Film-Noir|Romance,1942,3.5,1,3.5014
8482,3.5,1.0,"Picture of Dorian Gray, The",Drama|Fantasy|Horror,1945,2.0,2,3.2513
8492,3.5,1.0,"Christmas Carol, A (Scrooge)",Drama|Fantasy,1951,3.25,2,3.4596
8518,3.5,1.0,Anna Christie,Drama,1930,3.5,1,3.5014
8521,3.5,1.0,Dr. Jekyll and Mr. Hyde,Drama|Horror,1931,2.0,2,3.2513
8534,3.5,1.0,Two Brothers (Deux frères),Adventure|Children|Drama,2004,3.5,1,3.5014
8578,3.5,1.0,Undead,Action|Comedy|Horror|Sci-Fi,2003,3.25,2,3.4596
8591,3.5,1.0,"Philadelphia Experiment, The",Adventure|Drama|Sci-Fi,1984,3.5,1,3.5014
8600,3.5,1.0,Angels with Dirty Faces,Crime|Drama|Film-Noir|Thriller,1938,3.75,2,3.543
8609,3.5,1.0,Our Hospitality,Comedy,1923,3.25,2,3.4596
8610,3.5,1.0,All of Me,Comedy|Fantasy,1984,2.5,2,3.3346
8611,3.5,1.0,"Farmer's Daughter, The",Comedy,1947,3.5,1,3.5014
8650,3.5,1.0,Long Day's Journey Into Night,Drama,1962,3.5,1,3.5014
8667,3.5,1.0,A Home at the End of the World,Drama|Romance,2004,3.5,1,3.5014
8684,3.5,1.0,"Man Escaped, A (Un  condamné à mort s'est échappé ou Le vent souffle où il veut)",Adventure|Drama,1956,3.5,1,3.5014
8730,3.5,1.0,To End All Wars,Action|Drama|War,2001,4.0,2,3.5846
8753,3.5,1.0,Unprecedented: The 2000 Presidential Election,Documentary,2002,3.5,1,3.5014
8774,3.5,1.0,Sherlock Holmes: The Woman in Green,Mystery,1945,3.5,1,3.5014
8778,3.5,1.0,Sherlock Holmes: Dressed to Kill,Crime|Mystery,1946,3.75,2,3.543
8813,3.5,1.0,We Don't Live Here Anymore,Drama,2004,4.0,2,3.5846
8831,3.5,1.0,Suspect Zero,Crime|Thriller,2004,3.5,1,3.5014
8906,3.5,1.0,Cannibal Holocaust,Horror,1980,2.6667,3,3.3089
8920,3.5,1.0,"Country Girl, The",Drama,1954,3.5,1,3.5014
8921,3.5,1.0,"Rose Tattoo, The",Drama|Romance,1955,3.5,1,3.5014
8989,3.5,1.0,Damn Yankees!,Comedy|Musical,1958,3.5,1,3.5014
25795,3.5,1.0,Dinner at Eight,Comedy|Drama|Romance,1933,3.5,1,3.5014
25826,3.5,1.0,Libeled Lady,Comedy|Romance,1936,3.5,1,3.5014
25827,3.5,1.0,Mr. Deeds Goes to Town,Comedy|Romance,1936,3.5,2,3.5013
25870,3.5,1.0,Here Comes Mr. Jordan,Comedy|Fantasy|Romance,1941,3.5,1,3.5014
25937,3.5,1.0,Easter Parade,Musical|Romance,1948,3.3333,3,3.4627
25940,3.5,1.0,"Lady from Shanghai, The",Drama|Film-Noir|Mystery,1947,3.5,1,3.5014
25996,3.5,1.0,"Star Is Born, A",Drama|Musical,1954,3.5,1,3.5014
25999,3.5,1.0,The Wild One,Drama,1953,3.5,1,3.5014
26084,3.5,1.0,"Music Man, The",Children|Comedy|Musical|Romance,1962,3.9,5,3.6344
26151,3.5,1.0,Au Hasard Balthazar,Crime|Drama,1966,3.5,2,3.5013
26159,3.5,1.0,Tokyo Drifter (Tôkyô nagaremono),Action|Crime|Drama,1966,3.75,2,3.543
26386,3.5,1.0,High Anxiety,Comedy|Thriller,1977,3.5,1,3.5014
26523,3.5,1.0,"Silent Night, Deadly Night",Horror|Thriller,1984,3.5,1,3.5014
26547,3.5,1.0,Police Story (Ging chaat goo si),Action|Comedy|Crime|Thriller,1985,4.25,2,3.6263
26649,3.5,1.0,Lonesome Dove,Adventure|Drama|Western,1989,3.75,2,3.543
26729,3.5,1.0,Hearts of Darkness: A Filmmakers Apocalypse,Documentary,1991,3.8,5,3.601
26861,3.5,1.0,Freaked,Comedy|Sci-Fi,1993,3.5,1,3.5014
27002,3.5,1.0,From the Earth to the Moon,Action|Documentary|Drama|Thriller,1998,3.5,1,3.5014
27020,3.5,1.0,Gia,Drama|Romance,1998,3.4,5,3.4677
27408,3.5,1.0,Ripley's Game,Drama|Thriller,2002,3.3333,3,3.4627
27722,3.5,1.0,Last Life in the Universe (Ruang rak noi nid mahasan),Drama|Romance,2003,4.1667,3,3.6551
27815,3.5,1.0,"Chorus, The (Choristes, Les)",Drama,2004,3.9091,11,3.715
27829,3.5,1.0,Slasher,Documentary,2004,3.5,1,3.5014
27865,3.5,1.0,Azumi,Action|Adventure|Drama|Thriller,2003,2.75,2,3.3763
30846,3.5,1.0,"Assassination of Richard Nixon, The",Crime|Drama|Thriller,2004,3.5,2,3.5013
30898,3.5,1.0,"Upside of Anger, The",Comedy|Drama|Romance,2005,3.1667,3,3.4243
31193,3.5,1.0,"Many Adventures of Winnie the Pooh, The",Animation|Children|Musical,1977,3.5,1,3.5014
31260,3.5,1.0,Boys Town,Drama,1938,3.5,1,3.5014
31664,3.5,1.0,Gorgeous (Boh lee chun),Action|Comedy|Romance,1999,3.5,1,3.5014
31694,3.5,1.0,Bride & Prejudice,Comedy|Musical|Romance,2004,3.25,2,3.4596
31700,3.5,1.0,Because of Winn-Dixie,Children|Comedy|Drama,2005,3.1667,3,3.4243
31804,3.5,1.0,Night Watch (Nochnoy dozor),Action|Fantasy|Horror|Mystery|Sci-Fi|Thriller,2004,3.25,4,3.4297
32213,3.5,1.0,Cube Zero,Horror|Mystery|Sci-Fi|Thriller,2004,2.6667,3,3.3089
32294,3.5,1.0,Milk and Honey,Drama,2003,3.5,1,3.5014
32387,3.5,1.0,"Sword of Doom, The (Dai-bosatsu tôge)",Action|Drama,1966,4.25,2,3.6263
33171,3.5,1.0,Mysterious Skin,Drama|Mystery,2004,2.0,2,3.2513
33435,3.5,1.0,Los Angeles Plays Itself,Documentary,2003,3.5,1,3.5014
33639,3.5,1.0,Mad Hot Ballroom,Children|Documentary,2005,3.3333,3,3.4627
33781,3.5,1.0,Quo Vadis,Drama|Romance,1951,3.0,2,3.418
33903,3.5,1.0,"Edukators, The (Die Fetten Jahre sind vorbei)",Comedy|Crime|Drama|Romance,2004,4.0,5,3.6677
35015,3.5,1.0,Duma,Adventure|Drama,2005,3.5,1,3.5014
36276,3.5,1.0,Hidden (a.k.a. Cache) (Caché),Drama|Mystery|Thriller,2005,2.5,2,3.3346
38095,3.5,1.0,"Bittersweet Life, A (Dalkomhan insaeng)",Action|Crime|Drama,2005,4.1667,3,3.6551
38992,3.5,1.0,Two for the Money,Drama,2005,3.5,1,3.5014
39446,3.5,1.0,Saw II,Horror|Thriller,2005,2.8077,13,3.1094
40414,3.5,1.0,Joyeux Noël (Merry Christmas),Drama|War,2005,3.7,5,3.5677
41627,3.5,1.0,Samurai Rebellion (Jôi-uchi: Hairyô tsuma shimatsu),Action|Drama,1967,3.5,1,3.5014
41863,3.5,1.0,"Three Burials of Melquiades Estrada, The",Adventure|Crime|Drama,2006,4.0,5,3.6677
42740,3.5,1.0,Looking for Comedy in the Muslim World,Comedy,2005,3.5,1,3.5014
43333,3.5,1.0,Water,Drama|Romance,2005,3.5,1,3.5014
43549,3.5,1.0,Helter Skelter,Action|Crime|Drama|Horror,2004,3.5,1,3.5014
44511,3.5,1.0,Unknown White Male,Documentary,2005,3.5,1,3.5014
44555,3.5,1.0,"Lives of Others, The (Das leben der Anderen)",Drama|Romance|Thriller,2006,4.1176,34,3.9776
46062,3.5,1.0,High School Musical,Children|Comedy|Drama|Musical|Romance,2006,2.0,3,3.1551
46948,3.5,1.0,Monster House,Animation|Children|Fantasy|Mystery,2006,3.1111,9,3.3166
47465,3.5,1.0,Tideland,Drama|Fantasy|Thriller,2005,3.0,3,3.3858
47721,3.5,1.0,"Red Balloon, The (Ballon rouge, Le)",Children|Fantasy,1956,3.5,1,3.5014
48082,3.5,1.0,"Science of Sleep, The (La science des rêves)",Comedy|Drama|Fantasy|Romance,2006,3.8636,11,3.6912
49284,3.5,1.0,10 Items or Less,Comedy|Drama|Romance,2006,2.6667,3,3.3089
49347,3.5,1.0,Fast Food Nation,Drama,2006,3.8333,3,3.5781
49524,3.5,1.0,"Nativity Story, The",Drama,2006,3.5,2,3.5013
50160,3.5,1.0,Miss Potter,Drama,2006,3.75,2,3.543
50514,3.5,1.0,After the Wedding (Efter brylluppet),Drama,2006,3.5,1,3.5014
51498,3.5,1.0,2001 Maniacs,Comedy|Horror,2005,3.25,2,3.4596
53921,3.5,1.0,"Mighty Heart, A",Drama|Thriller,2007,3.5,1,3.5014
54185,3.5,1.0,Manufactured Landscapes,Documentary,2006,3.75,2,3.543
54734,3.5,1.0,Sydney White,Comedy,2007,2.5,2,3.3346
54785,3.5,1.0,Halloween,Horror,2007,3.25,4,3.4297
55442,3.5,1.0,Persepolis,Animation|Drama,2007,4.1818,11,3.8579
56012,3.5,1.0,"Evening with Kevin Smith 2: Evening Harder, An",Comedy|Documentary,2006,2.75,2,3.3763
56607,3.5,1.0,"Kite Runner, The",Drama,2007,3.3333,3,3.4627
56715,3.5,1.0,Wristcutters: A Love Story,Drama|Fantasy|Romance,2006,4.0,6,3.6885
57274,3.5,1.0,[REC],Drama|Horror|Thriller,2007,4.0625,8,3.7509
57528,3.5,1.0,Rambo (Rambo 4),Action|Drama|Thriller|War,2008,3.2778,9,3.3956
57536,3.5,1.0,Strange Wilderness,Comedy,2008,3.25,2,3.4596
58347,3.5,1.0,Penelope,Comedy|Fantasy|Romance,2006,3.5,4,3.5011
58425,3.5,1.0,Heima,Documentary,2007,4.1667,3,3.6551
59220,3.5,1.0,Outsourced,Comedy|Romance,2006,3.5,1,3.5014
59421,3.5,1.0,What Happens in Vegas...,Comedy|Romance,2008,2.75,8,3.1675
59440,3.5,1.0,Bella,Drama|Romance,2006,3.5,1,3.5014
59604,3.5,1.0,"Girl Next Door, The",Crime|Drama|Horror|Thriller,2007,3.75,2,3.543
59731,3.5,1.0,"Bigger, Stronger, Faster*",Documentary,2008,3.5,1,3.5014
60037,3.5,1.0,"Happening, The",Drama|Sci-Fi|Thriller,2008,3.0,5,3.3344
60538,3.5,1.0,Shrooms,Horror|Thriller,2007,3.5,1,3.5014
61026,3.5,1.0,Red Cliff (Chi bi),Action|Adventure|Drama|War,2008,4.0,3,3.6166
62511,3.5,1.0,"Synecdoche, New York",Comedy|Drama,2008,3.125,4,3.394
63859,3.5,1.0,Bolt,Action|Adventure|Animation|Children|Comedy,2008,3.3889,18,3.4291
64575,3.5,1.0,Doubt,Drama|Mystery,2008,3.3571,7,3.4421
64622,3.5,1.0,"Reader, The",Drama|Romance,2008,3.2143,7,3.3833
64993,3.5,1.0,5 Centimeters per Second (Byôsoku 5 senchimêtoru),Animation|Drama|Romance,2007,3.5,3,3.5012
65126,3.5,1.0,Choke,Comedy|Drama,2008,3.5,3,3.5012
67267,3.5,1.0,Sunshine Cleaning,Comedy|Drama,2008,3.375,4,3.4654
68486,3.5,1.0,Red Cliff Part II (Chi Bi Xia: Jue Zhan Tian Xia),Action|Drama|War,2009,4.0,3,3.6166
69251,3.5,1.0,Special,Drama|Fantasy,2006,3.5,1,3.5014
70492,3.5,1.0,Winds of the Wasteland,Western,1936,3.5,1,3.5014
70728,3.5,1.0,Bronson,Action|Comedy|Drama|Thriller,2009,3.8333,3,3.5781
70984,3.5,1.0,Taking Woodstock,Comedy,2009,3.0,3,3.3858
70994,3.5,1.0,Halloween II,Horror|Thriller,2009,3.0,3,3.3858
71057,3.5,1.0,9,Adventure|Animation|Sci-Fi,2009,3.6429,14,3.584
71156,3.5,1.0,"Men Who Stare at Goats, The",Action|Comedy|Drama,2009,3.3889,9,3.4482
71254,3.5,1.0,Gamer,Action|Sci-Fi|Thriller,2009,3.4286,7,3.4715
71327,3.5,1.0,Bright Star,Drama|Romance,2009,3.5,1,3.5014
72479,3.5,1.0,"Messenger, The",Drama|Romance|War,2009,3.5,1,3.5014
72591,3.5,1.0,"Patriot, The",Action|Thriller,1998,3.5,1,3.5014
73268,3.5,1.0,Daybreakers,Action|Drama|Horror|Thriller,2010,3.4167,6,3.4697
73323,3.5,1.0,"Girl Who Kicked the Hornet's Nest, The (Luftslottet som sprängdes)",Action|Crime|Mystery,2009,4.2,5,3.7344
73929,3.5,1.0,Legion,Action|Fantasy|Horror|Thriller,2010,2.8333,3,3.3474
74510,3.5,1.0,"Girl Who Played with Fire, The (Flickan som lekte med elden)",Action|Crime|Drama|Mystery|Thriller,2009,4.25,4,3.7154
74685,3.5,1.0,"Crazies, The",Action|Drama|Horror|Sci-Fi|Thriller,2010,3.375,4,3.4654
78034,3.5,1.0,Cemetery Junction,Comedy|Drama|Romance,2010,3.5,1,3.5014
78116,3.5,1.0,Please Give,Comedy|Drama,2010,3.5,1,3.5014
78266,3.5,1.0,Splice,Horror|Sci-Fi|Thriller,2009,3.5,3,3.5012
79134,3.5,1.0,Grown Ups,Comedy,2010,3.45,10,3.4758
79946,3.5,1.0,"Joneses, The",Comedy|Drama,2009,3.5,1,3.5014
80831,3.5,1.0,Let Me In,Drama|Horror|Mystery,2010,3.8571,7,3.648
80846,3.5,1.0,Devil,Horror|Mystery|Thriller,2010,3.25,2,3.4596
80864,3.5,1.0,You Will Meet a Tall Dark Stranger,Comedy|Romance,2010,3.5,1,3.5014
83374,3.5,1.0,"Warrior's Way, The",Action|Fantasy|Western,2010,3.5,1,3.5014
84414,3.5,1.0,All-Star Superman,Action|Adventure|Animation|Sci-Fi,2011,4.25,2,3.6263
86548,3.5,1.0,Water for Elephants,Drama|Romance,2011,3.375,4,3.4654
89862,3.5,1.0,Bellflower,Action|Drama|Romance,2011,3.5,1,3.5014
90243,3.5,1.0,Three Outlaw Samurai (Sanbiki no samurai),Action|Drama,1964,3.5,1,3.5014
90746,3.5,1.0,"Adventures of Tintin, The",Action|Animation|Mystery|IMAX,2011,3.5,12,3.5007
91126,3.5,1.0,War Horse,Drama|War,2011,3.0,3,3.3858
94677,3.5,1.0,"Dictator, The",Comedy,2012,3.5588,17,3.5376
94833,3.5,1.0,"Pirates! Band of Misfits, The",Adventure|Animation|Children|Comedy,2012,3.3333,3,3.4627
95145,3.5,1.0,Dragon Ball: The Curse Of The Blood Rubies (Doragon bôru: Shenron no densetsu),Action|Adventure|Animation|Children,1986,3.5,1,3.5014
95147,3.5,1.0,Dragon Ball: Sleeping Princess in Devil's Castle (Doragon bôru: Majinjô no nemuri hime),Action|Adventure|Animation|Children,1987,3.25,2,3.4596
95163,3.5,1.0,Dragon Ball: Mystical Adventure (Doragon bôru: Makafushigi dai bôken),Action|Adventure|Animation|Children,1988,3.5,1,3.5014
95218,3.5,1.0,First Position,Documentary,2011,3.5,1,3.5014
95497,3.5,1.0,Dragon Ball Z: Super Android 13! (Doragon bôru Z 7: Kyokugen batoru!! San dai sûpâ saiyajin),Action|Adventure|Animation,1992,3.75,2,3.543
95508,3.5,1.0,Cleanskin,Crime|Drama|Thriller,2012,3.5,1,3.5014
98124,3.5,1.0,"Batman: The Dark Knight Returns, Part 1",Action|Animation|Sci-Fi,2012,3.9286,7,3.6774
98154,3.5,1.0,Lincoln,Drama|War,2012,4.5,4,3.7868
98230,3.5,1.0,10 Years,Comedy|Drama|Romance,2011,3.5,1,3.5014
103235,3.5,1.0,"Best Offer, The (Migliore offerta, La)",Thriller,2013,4.0,5,3.6677
105211,3.5,1.0,Enough Said,Comedy|Drama|Romance,2013,3.0,2,3.418
105844,3.5,1.0,12 Years a Slave,Drama,2013,3.625,16,3.5775
106839,3.5,1.0,Mandela: Long Walk to Freedom,Drama,2013,3.75,2,3.543
108090,3.5,1.0,Dragon Ball: The Path to Power (Doragon bôru: Saikyô e no michi),Action|Adventure|Animation|Children,1996,3.5,1,3.5014
108192,3.5,1.0,Hotel Chevalier (Part 1 of 'The Darjeeling Limited'),Drama,2007,3.5,1,3.5014
111113,3.5,1.0,Neighbors,Comedy,2014,3.2917,12,3.3871
112290,3.5,1.0,Boyhood,Drama,2014,3.8235,17,3.7043
113532,3.5,1.0,"Inbetweeners 2, The",Comedy,2014,3.5,2,3.5013
115680,3.5,1.0,Time Lapse,Crime|Drama|Sci-Fi|Thriller,2014,3.8333,3,3.5781
117176,3.5,1.0,The Theory of Everything,Drama|Romance,2014,3.7059,17,3.6302
118985,3.5,1.0,Big Eyes,Drama,2014,3.75,2,3.543
119141,3.5,1.0,The Interview,Action|Comedy,2014,3.4583,12,3.478
121231,3.5,1.0,It Follows,Horror,2014,4.125,4,3.6797
128736,3.5,1.0,I'm Here,Drama,2010,3.5,1,3.5014
129659,3.5,1.0,"McFarland, USA",Drama,2015,3.5,1,3.5014
132362,3.5,1.0,Patlabor 2: The Movie,Action|Animation|Sci-Fi,1993,3.5,1,3.5014
134859,3.5,1.0,The Wolfpack,Documentary,2015,3.5,1,3.5014
135456,3.5,1.0,Ghost in the Shell: Stand Alone Complex - The Laughing Man,Action|Animation|Crime|Sci-Fi,2005,3.25,2,3.4596
135787,3.5,1.0,Bruce Lee: A Warrior's Journey,Documentary,2000,3.5,1,3.5014
138208,3.5,1.0,The Walk,Adventure|Drama|Thriller,2015,3.0,2,3.418
138210,3.5,1.0,13 Hours,Drama,2016,3.3,5,3.4344
151781,3.5,1.0,Ghost in the Shell: Solid State Society,Action|Animation|Crime|Sci-Fi|Thriller,2006,3.5,1,3.5014
158783,3.5,1.0,The Handmaiden,Drama|Romance|Thriller,2016,2.6667,3,3.3089
164909,3.5,1.0,La La Land,Comedy|Drama|Romance,2016,3.3889,9,3.4482
176419,3.5,1.0,Mother!,Drama|Horror|Mystery|Thriller,2017,3.25,2,3.4596
178129,3.5,1.0,Adventures in Plymptoons!,Documentary,2011,3.5,1,3.5014
179053,3.5,1.0,2048: Nowhere to Run,Sci-Fi|Thriller,2017,3.5,1,3.5014
181315,3.5,1.0,Phantom Thread,Drama|Romance,2017,3.5,1,3.5014
3327,3.497,3.0,Beyond the Mat,Documentary,1999,3.7,5,3.5677
3676,3.497,2.0,Eraserhead,Drama|Horror,1977,3.75,10,3.6258
27882,3.496,2.0,Riding Giants,Documentary,2004,4.0,4,3.644
4976,3.495,2.0,Iris,Drama,2001,3.875,4,3.6083
1011,3.493,2.0,Herbie Rides Again,Children|Comedy|Fantasy|Romance,1974,2.9375,8,3.2509
952,3.487,3.0,Around the World in 80 Days,Adventure|Comedy,1956,3.625,12,3.5689
14,3.487,2.0,Nixon,Drama,1995,3.8333,18,3.7148
1941,3.487,2.0,Hamlet,Drama,1948,3.5,2,3.5013
3035,3.479,2.0,Mister Roberts,Comedy|Drama|War,1955,3.8182,11,3.6674
3088,3.479,2.0,Harvey,Comedy|Fantasy,1950,3.8333,12,3.6825
2524,3.478,2.0,"Towering Inferno, The",Action|Adventure|Drama|Thriller,1974,3.2222,9,3.3692
51884,3.478,2.0,"Namesake, The",Drama|Romance,2006,3.6667,3,3.5397
3723,3.476,3.0,Hamlet,Drama,1990,3.8,5,3.601
1693,3.468,4.0,Amistad,Drama|Mystery,1997,3.5,19,3.5005
1077,3.467,3.0,Sleeper,Comedy|Sci-Fi,1973,3.75,28,3.6846
1185,3.465,2.0,My Left Foot,Drama,1989,3.95,10,3.7258
1189,3.465,2.0,"Thin Blue Line, The",Documentary,1988,4.0,11,3.7627
1959,3.465,2.0,Out of Africa,Drama|Romance,1985,3.6667,15,3.6006
4292,3.465,2.0,Norma Rae,Drama,1979,3.5,2,3.5013
8827,3.465,2.0,"Bill Cosby, Himself",Comedy|Documentary,1983,4.0,5,3.6677
96110,3.465,2.0,"Campaign, The",Comedy,2012,3.4444,9,3.4745
4047,3.46,5.0,Gettysburg,Drama|War,1993,3.6667,9,3.5798
2243,3.459,4.0,Broadcast News,Comedy|Drama|Romance,1987,3.4286,28,3.4478
4043,3.459,2.0,At Close Range,Crime|Drama,1986,3.3333,3,3.4627
7235,3.456,2.0,Ichi the Killer (Koroshiya 1),Action|Comedy|Crime|Drama|Horror|Thriller,2001,3.4167,6,3.4697
26492,3.456,2.0,Twilight Zone: The Movie,Fantasy|Horror|Sci-Fi|Thriller,1983,3.0,3,3.3858
49772,3.455,2.0,"Painted Veil, The",Drama|Romance,2006,4.0,4,3.644
922,3.452,4.0,Sunset Blvd. (a.k.a. Sunset Boulevard),Drama|Film-Noir|Romance,1950,4.3333,27,4.1085
66785,3.452,2.0,"Good, the Bad, the Weird, The (Joheunnom nabbeunnom isanghannom)",Action|Adventure|Comedy|Western,2008,3.8,5,3.601
1730,3.451,2.0,Kundun,Drama,1997,3.25,4,3.4297
31658,3.446,3.0,Howl's Moving Castle (Hauru no ugoku shiro),Adventure|Animation|Fantasy|Romance,2004,4.075,40,3.9603
8491,3.443,2.0,White Heat,Crime|Drama|Film-Noir,1949,3.6667,3,3.5397
6436,3.438,2.0,This Boy's Life,Drama,1993,3.3333,3,3.4627
41,3.434,3.0,Richard III,Drama|War,1995,3.7,15,3.6206
7894,3.434,3.0,"Duck, You Sucker",Action|Western,1971,3.5,4,3.5011
6774,3.433,3.0,Videodrome,Fantasy|Horror|Sci-Fi|Thriller,1983,3.6875,8,3.5842
2937,3.429,2.0,"Palm Beach Story, The",Comedy,1942,4.1,5,3.701
328,3.412,2.0,Tales from the Crypt Presents: Demon Knight,Horror|Thriller,1995,3.15,10,3.3258
2691,3.403,2.0,"Legend of 1900, The (a.k.a. The Legend of the Pianist on the Ocean) (Leggenda del pianista sull'oceano)",Drama,1998,3.6667,3,3.5397
3521,3.403,2.0,Mystery Train,Comedy|Drama,1989,3.4286,7,3.4715
57640,3.386,4.0,Hellboy II: The Golden Army,Action|Adventure|Fantasy|Sci-Fi,2008,3.8056,18,3.697
48385,3.382,7.0,Borat: Cultural Learnings of America for Make Benefit Glorious Nation of Kazakhstan,Comedy,2006,3.3462,65,3.3669
40732,3.379,4.0,"Descent, The",Adventure|Drama|Horror|Thriller,2005,3.5455,11,3.5246
1754,3.368,4.0,Fallen,Crime|Drama|Fantasy|Thriller,1998,3.5,15,3.5006
6944,3.367,3.0,Father of the Bride,Comedy,1991,3.5,13,3.5007
74789,3.363,3.0,Alice in Wonderland,Adventure|Fantasy|IMAX,2010,2.875,28,3.0399
37729,3.355,4.0,Corpse Bride,Animation|Comedy|Fantasy|Musical|Romance,2005,3.5341,44,3.5281
32598,3.348,3.0,Fever Pitch,Comedy|Romance,2005,2.9375,8,3.2509
43460,3.34,3.0,Tristram Shandy: A Cock and Bull Story,Comedy|Drama,2005,3.3333,3,3.4627
1179,3.337,3.0,"Grifters, The",Crime|Drama|Film-Noir,1990,3.6296,27,3.595
1017,3.324,3.0,Swiss Family Robinson,Adventure|Children,1960,3.5,10,3.5008
51709,3.321,3.0,"Host, The (Gwoemul)",Comedy|Drama|Horror|Sci-Fi|Thriller,2006,4.0,7,3.7068
4508,3.318,3.0,Gorillas in the Mist,Drama,1988,3.5,8,3.5009
30793,3.316,5.0,Charlie and the Chocolate Factory,Adventure|Children|Comedy|Fantasy|IMAX,2005,3.0,61,3.0706
68952,3.311,3.0,Drag Me to Hell,Comedy|Horror,2009,3.75,6,3.5947
1186,3.308,3.0,"Sex, Lies, and Videotape",Drama,1989,3.587,23,3.5611
2491,3.306,2.0,Simply Irresistible,Comedy|Romance,1999,3.6,5,3.5344
4855,3.304,6.0,Dirty Harry,Action|Crime|Thriller,1971,3.775,20,3.6839
81784,3.302,2.0,Morning Glory,Comedy|Drama|Romance,2010,2.6667,6,3.1885
7360,3.295,5.0,Dawn of the Dead,Action|Drama|Horror|Thriller,2004,3.9062,16,3.7506
1345,3.291,5.0,Carrie,Drama|Fantasy|Horror|Thriller,1976,3.3472,36,3.3808
5959,3.281,3.0,Narc,Crime|Drama|Thriller,2002,3.2778,9,3.3956
86142,3.274,2.0,13 Assassins (Jûsan-nin no shikaku),Action,2010,4.0,4,3.644
136562,3.274,2.0,Steve Jobs,Drama,2015,3.75,6,3.5947
3072,3.273,3.0,Moonstruck,Comedy|Romance,1987,3.5556,27,3.541
709,3.265,2.0,Oliver & Company,Adventure|Animation|Children|Comedy|Musical,1988,3.0909,11,3.2865
4356,3.261,2.0,Gentlemen Prefer Blondes,Comedy|Musical|Romance,1953,3.8,5,3.601
8965,3.258,2.0,"Polar Express, The",Adventure|Animation|Children|Fantasy|IMAX,2004,3.1364,11,3.3103
2596,3.256,2.0,SLC Punk!,Comedy|Drama,1998,3.7917,12,3.6598
1078,3.255,2.0,Bananas,Comedy|War,1971,3.4091,11,3.4531
6242,3.254,2.0,Ringu (Ring),Horror|Mystery|Thriller,1998,3.4545,11,3.4769
61352,3.254,2.0,Traitor,Crime|Drama|Thriller,2008,3.375,4,3.4654
2866,3.253,2.0,"Buddy Holly Story, The",Drama,1978,3.6,5,3.5344
3244,3.253,2.0,"Goodbye Girl, The",Comedy|Romance,1977,3.7083,12,3.6143
3368,3.253,2.0,"Big Country, The",Romance|Western,1958,3.25,2,3.4596
27721,3.252,2.0,"Very Long Engagement, A (Un long dimanche de fiançailles)",Drama|Mystery|Romance|War,2004,3.6667,6,3.5635
45730,3.252,2.0,Lady in the Water,Drama|Fantasy|Mystery,2006,2.8333,9,3.185
66297,3.252,2.0,Futurama: Into the Wild Green Yonder,Action|Animation|Comedy|Sci-Fi,2009,3.5,6,3.501
71211,3.252,2.0,"Informant!, The",Comedy|Crime|Drama|Thriller,2009,3.6667,3,3.5397
74795,3.252,2.0,Green Zone,Action|Drama|Thriller|War,2010,3.5,9,3.5008
2315,3.251,2.0,Bride of Chucky (Child's Play 4),Comedy|Horror|Thriller,1998,2.1667,6,3.001
2108,3.249,4.0,L.A. Story,Comedy|Romance,1991,3.4792,24,3.4858
1873,3.248,4.0,"Misérables, Les",Crime|Drama|Romance|War,1998,3.75,10,3.6258
3668,3.248,4.0,Romeo and Juliet,Drama|Romance,1968,3.6667,15,3.6006
1848,3.248,2.0,"Borrowers, The",Adventure|Children|Comedy|Fantasy,1997,3.0417,12,3.2507
3018,3.248,2.0,Re-Animator,Comedy|Horror|Sci-Fi,1985,3.45,10,3.4758
1956,3.247,2.0,Ordinary People,Drama,1980,4.0,12,3.7734
3633,3.246,4.0,On Her Majesty's Secret Service,Action|Adventure|Romance|Thriller,1969,3.2647,17,3.3524
2009,3.244,4.0,Soylent Green,Drama|Mystery|Sci-Fi|Thriller,1973,3.4737,19,3.4833
4644,3.243,2.0,Bread and Tulips (Pane e tulipani),Comedy|Drama|Romance,2000,3.6667,3,3.5397
3519,3.242,2.0,Force 10 from Navarone,Action|Drama|War,1978,2.9167,6,3.2822
3551,3.242,2.0,Marathon Man,Crime|Drama|Thriller,1976,3.4615,13,3.4789
921,3.239,2.0,My Favorite Year,Comedy,1982,3.3889,9,3.4482
1688,3.239,2.0,Anastasia,Adventure|Animation|Children|Drama|Musical,1997,3.35,20,3.4005
4616,3.239,2.0,Lean on Me,Drama,1989,3.5,6,3.501
4969,3.239,2.0,And Then There Were None,Crime|Mystery,1945,3.625,4,3.5368
33154,3.239,2.0,Enron: The Smartest Guys in the Room,Documentary,2005,4.0,6,3.6885
44004,3.235,2.0,Failure to Launch,Comedy|Romance,2006,3.25,6,3.4072
47997,3.235,2.0,Idiocracy,Adventure|Comedy|Sci-Fi|Thriller,2006,3.7222,18,3.6434
43708,3.234,2.0,Block Party (a.k.a. Dave Chappelle's Block Party),Comedy|Documentary,2005,3.1667,3,3.4243
1031,3.233,5.0,Bedknobs and Broomsticks,Adventure|Children|Musical,1971,3.4792,24,3.4858
67408,3.233,2.0,Monsters vs. Aliens,Animation|Sci-Fi|IMAX,2009,3.25,8,3.3898
1350,3.232,6.0,"Omen, The",Horror|Mystery|Thriller,1976,3.8182,22,3.7192
2023,3.232,6.0,"Godfather: Part III, The",Crime|Drama|Mystery|Thriller,1990,3.3556,45,3.3821
911,3.232,2.0,Charade,Comedy|Crime|Mystery|Romance|Thriller,1963,3.8077,13,3.6746
931,3.232,2.0,Spellbound,Mystery|Romance|Thriller,1945,3.8333,9,3.6587
3412,3.232,2.0,"Bear, The (Ours, L')",Adventure|Children|Drama,1988,3.4167,6,3.4697
3724,3.232,2.0,Coming Home,Drama|War,1978,3.3,5,3.4344
7099,3.232,2.0,Nausicaä of the Valley of the Wind (Kaze no tani no Naushika),Adventure|Animation|Drama|Fantasy|Sci-Fi,1984,4.0,23,3.849
8044,3.232,2.0,I Am a Fugitive from a Chain Gang,Crime|Drama|Film-Noir,1932,3.6667,3,3.5397
8451,3.232,2.0,Blackboard Jungle,Drama,1955,3.25,2,3.4596
56563,3.232,2.0,Helvetica,Documentary,2007,3.25,4,3.4297
44397,3.231,2.0,"Hills Have Eyes, The",Drama|Horror|Thriller,2006,3.0833,6,3.3447
83803,3.23,2.0,Day & Night,Animation|Children,2010,4.1,5,3.701
6664,3.228,2.0,Commando,Action|Adventure,1985,3.5,6,3.501
7845,3.228,2.0,Tremors II: Aftershocks,Comedy|Horror|Sci-Fi,1996,2.7,5,3.2344
26242,3.228,2.0,Duel,Action|Mystery|Thriller,1971,3.2,5,3.401
27317,3.228,2.0,Audition (Ôdishon),Drama|Horror|Mystery|Romance|Thriller,1999,3.75,6,3.5947
27604,3.228,2.0,Suicide Club (Jisatsu saakuru),Horror|Mystery|Thriller,2001,3.125,4,3.394
44974,3.228,2.0,Hard Candy,Drama|Thriller,2005,3.5,12,3.5007
52885,3.228,2.0,Paprika (Papurika),Animation|Mystery|Sci-Fi,2006,3.7778,9,3.6324
59387,3.228,2.0,"Fall, The",Adventure|Drama|Fantasy,2006,3.9545,11,3.7388
2924,3.226,2.0,Drunken Master (Jui kuen),Action|Comedy,1978,4.05,10,3.7758
5628,3.226,2.0,Wasabi,Action|Comedy|Crime|Drama|Thriller,2001,3.5,5,3.501
110102,3.226,2.0,Captain America: The Winter Soldier,Action|Adventure|Sci-Fi|IMAX,2014,3.7419,31,3.6833
3265,3.224,3.0,Hard-Boiled (Lat sau san taam),Action|Crime|Drama|Thriller,1992,4.0,9,3.7377
7072,3.222,2.0,Stagecoach,Action|Drama|Romance|Western,1939,3.5,3,3.5012
2232,3.216,5.0,Cube,Horror|Mystery|Sci-Fi|Thriller,1997,3.4259,27,3.4464
3984,3.211,7.0,Diamonds Are Forever,Action|Adventure|Thriller,1971,3.5,21,3.5005
26,3.208,4.0,Othello,Drama,1995,3.5,13,3.5007
4799,3.206,2.0,"It's a Mad, Mad, Mad, Mad World",Action|Adventure|Comedy|Crime,1963,3.25,10,3.3758
1366,3.197,2.0,"Crucible, The",Drama,1996,3.9,5,3.6344
2208,3.197,2.0,"Lady Vanishes, The",Drama|Mystery|Thriller,1938,3.9167,6,3.6572
2583,3.197,2.0,Cookie's Fortune,Comedy|Drama,1999,3.875,12,3.7053
4920,3.197,2.0,"Now, Voyager",Drama|Romance,1942,3.6667,3,3.5397
6909,3.197,2.0,"Eye, The (Gin gwai) (Jian gui)",Thriller,2002,3.25,2,3.4596
8809,3.197,2.0,Danny Deckchair,Comedy|Romance,2003,3.25,2,3.4596
1590,3.196,4.0,Event Horizon,Horror|Sci-Fi|Thriller,1997,2.94,25,3.1004
892,3.186,3.0,Twelfth Night,Comedy|Drama|Romance,1996,3.5385,13,3.5224
98809,3.184,3.0,"Hobbit: An Unexpected Journey, The",Adventure|Fantasy|IMAX,2012,3.8125,40,3.7503
103042,3.184,3.0,Man of Steel,Action|Adventure|Fantasy|Sci-Fi|IMAX,2013,3.2955,22,3.3599
4683,3.184,2.0,"Wizard, The",Adventure|Children|Comedy|Drama,1989,3.25,2,3.4596
44828,3.184,2.0,Slither,Comedy|Horror|Sci-Fi,2006,3.0,5,3.3344
62849,3.182,3.0,RocknRolla,Action|Crime,2008,3.7692,13,3.6529
111362,3.18,3.0,X-Men: Days of Future Past,Action|Adventure|Sci-Fi,2014,3.8333,30,3.7504
492,3.178,2.0,Manhattan Murder Mystery,Comedy|Mystery,1993,3.75,14,3.6465
2709,3.178,2.0,Muppets From Space,Children|Comedy,1999,3.1667,9,3.3429
91653,3.178,2.0,We Bought a Zoo,Comedy|Drama,2011,3.3,5,3.4344
2976,3.177,3.0,Bringing Out the Dead,Drama,1999,3.4167,6,3.4697
1447,3.177,2.0,Gridlock'd,Crime,1997,3.375,4,3.4654
1480,3.177,2.0,Smilla's Sense of Snow,Drama|Thriller,1997,3.3636,11,3.4293
4037,3.177,2.0,House of Games,Crime|Film-Noir|Mystery|Thriller,1987,3.8125,8,3.6398
8042,3.177,2.0,Mean Streets,Crime|Drama,1973,4.0,7,3.7068
2034,3.165,3.0,"Black Hole, The",Children|Sci-Fi,1979,2.6111,9,3.0798
785,3.164,8.0,Kingpin,Comedy,1996,3.369,42,3.3945
2946,3.163,3.0,Help!,Comedy|Musical,1965,3.3571,7,3.4421
43,3.16,3.0,Restoration,Drama,1995,3.1875,8,3.362
32584,3.155,3.0,"Ballad of Jack and Rose, The",Drama,2005,3.125,4,3.394
1292,3.147,3.0,Being There,Comedy|Drama,1979,3.95,20,3.8005
6662,3.145,3.0,"Pink Panther, The",Comedy|Crime,1963,3.4545,11,3.4769
79057,3.141,3.0,Predators,Action|Sci-Fi|Thriller,2010,3.3,10,3.4008
4787,3.134,3.0,Little Man Tate,Drama,1991,3.35,10,3.4258
39414,3.134,3.0,Shopgirl,Comedy|Drama|Romance,2005,3.0,7,3.295
30825,3.132,5.0,Meet the Fockers,Comedy,2004,3.1061,33,3.198
2359,3.131,3.0,Waking Ned Devine (a.k.a. Waking Ned),Comedy,1998,3.6731,26,3.6254
5065,3.128,4.0,"Mothman Prophecies, The",Drama|Fantasy|Horror|Mystery|Thriller,2002,3.0769,13,3.2616
5131,3.128,2.0,How to Kill Your Neighbor's Dog,Comedy|Drama,2000,3.25,2,3.4596
73321,3.125,3.0,"Book of Eli, The",Action|Adventure|Drama,2010,3.2812,16,3.366
1124,3.121,3.0,On Golden Pond,Drama,1981,3.6538,13,3.5876
2311,3.121,3.0,2010: The Year We Make Contact,Sci-Fi,1984,3.5882,17,3.5561
7757,3.121,3.0,Jason and the Argonauts,Action|Adventure|Fantasy,1963,3.5,6,3.501
1982,3.12,8.0,Halloween,Horror,1978,3.7222,27,3.6626
2334,3.118,4.0,"Siege, The",Action|Thriller,1998,2.8077,13,3.1094
2004,3.116,5.0,Gremlins 2: The New Batch,Comedy|Horror,1990,3.3333,15,3.4006
5693,3.113,4.0,Saturday Night Fever,Comedy|Drama|Romance,1977,3.3182,11,3.4055
5110,3.111,6.0,Super Troopers,Comedy|Crime|Mystery,2001,3.6042,24,3.574
7840,3.111,3.0,Gunga Din,Adventure|Comedy|War,1939,3.1667,3,3.4243
3869,3.103,6.0,"Naked Gun 2 1/2: The Smell of Fear, The",Comedy,1991,3.4231,26,3.4449
2099,3.099,4.0,Song of the South,Adventure|Animation|Children|Musical,1946,3.4167,6,3.4697
6659,3.096,5.0,Tremors,Comedy|Horror|Sci-Fi,1990,3.4375,16,3.4621
8879,3.09,4.0,Murder on the Orient Express,Crime|Mystery|Thriller,1974,3.25,6,3.4072
5668,3.09,3.0,White Oleander,Drama,2002,2.5,4,3.2154
8623,3.088,4.0,Roxanne,Comedy|Romance,1987,3.2727,11,3.3817
2662,3.069,4.0,"War of the Worlds, The",Action|Drama|Sci-Fi,1953,3.1667,12,3.3189
410,3.065,7.0,Addams Family Values,Children|Comedy|Fantasy,1993,3.1012,84,3.1438
1827,3.049,2.0,"Big One, The",Comedy|Documentary,1997,3.3333,3,3.4627
3947,3.049,2.0,Get Carter,Action|Crime|Drama|Thriller,1971,3.3333,3,3.4627
68791,3.031,2.0,Terminator Salvation,Action|Adventure|Sci-Fi|Thriller,2009,3.25,18,3.3398
140,3.022,2.0,Up Close and Personal,Drama|Romance,1996,3.5,16,3.5006
2840,3.019,4.0,Stigmata,Drama|Thriller,1999,2.8696,23,3.0611
7036,3.009,3.0,Teen Wolf,Comedy|Fantasy,1985,3.1429,7,3.3539
837,3.006,4.0,Matilda,Children|Comedy|Fantasy,1996,3.2727,33,3.3259
6156,3.006,3.0,Shanghai Knights,Action|Adventure|Comedy,2003,3.2105,19,3.3109
47640,3.004,2.0,Beerfest,Comedy,2006,3.5,6,3.501
78469,3.004,2.0,"A-Team, The",Action|Comedy|Thriller,2010,3.1471,17,3.2784
2424,3.002,7.0,You've Got Mail,Comedy|Romance,1998,3.12,50,3.1836
4821,3.001,2.0,Joy Ride,Adventure|Thriller,2001,3.1,5,3.3677
1619,3.0,3.0,Seven Years in Tibet,Adventure|Drama|War,1997,3.4286,14,3.459
1958,3.0,3.0,Terms of Endearment,Comedy|Drama,1983,3.7955,22,3.7036
2413,3.0,3.0,Clue,Comedy|Crime|Mystery|Thriller,1985,3.3889,18,3.4291
73,3.0,2.0,"Misérables, Les",Drama|War,1995,3.4615,13,3.4789
1604,3.0,2.0,Money Talks,Action|Comedy,1997,3.3333,3,3.4627
2040,3.0,2.0,"Computer Wore Tennis Shoes, The",Children|Comedy,1969,2.8571,7,3.2362
2454,3.0,2.0,"Fly, The",Horror|Mystery|Sci-Fi,1958,3.3846,13,3.4355
2687,3.0,2.0,Tarzan,Adventure|Animation|Children|Drama,1999,3.4583,24,3.471
2875,3.0,2.0,Sommersby,Drama|Mystery|Romance,1993,2.95,10,3.2258
3873,3.0,2.0,Cat Ballou,Comedy|Western,1965,3.1429,7,3.3539
4056,3.0,2.0,"Pledge, The",Crime|Drama|Mystery|Thriller,2001,3.2857,7,3.4127
4090,3.0,2.0,"Brave Little Toaster, The",Animation|Children,1987,3.5625,8,3.5286
4492,3.0,2.0,Critters,Comedy|Sci-Fi,1986,3.0,3,3.3858
4506,3.0,2.0,Frantic,Crime|Mystery|Thriller,1988,3.1667,3,3.4243
4662,3.0,2.0,"See No Evil, Hear No Evil",Comedy|Crime,1989,3.1667,3,3.4243
5608,3.0,2.0,"Das Experiment (Experiment, The)",Drama|Thriller,2001,3.8636,11,3.6912
6357,3.0,2.0,High Society,Comedy|Musical|Romance,1956,3.0,2,3.418
6760,3.0,2.0,In This World,Adventure|Drama,2002,3.0,2,3.418
7569,3.0,2.0,You Only Live Twice,Action|Adventure|Sci-Fi|Thriller,1967,3.8333,12,3.6825
8493,3.0,2.0,Memphis Belle,Action|Drama|War,1990,3.0833,6,3.3447
9010,3.0,2.0,Love Me If You Dare (Jeux d'enfants),Drama|Romance,2003,4.1,5,3.701
56152,3.0,2.0,Enchanted,Adventure|Animation|Children|Comedy|Fantasy|Musical|Romance,2007,3.6765,17,3.6117
60487,3.0,2.0,"It's the Great Pumpkin, Charlie Brown",Animation|Children|Comedy,1966,3.8,5,3.601
60950,3.0,2.0,Vicky Cristina Barcelona,Comedy|Drama|Romance,2008,3.0938,16,3.2506
95167,3.0,2.0,Brave,Action|Adventure|Animation|Children,2012,3.4667,30,3.4754
97752,3.0,2.0,Cloud Atlas,Drama|Sci-Fi|IMAX,2012,3.7368,19,3.6557
102125,3.0,2.0,Iron Man 3,Action|Sci-Fi|Thriller|IMAX,2013,3.5625,32,3.548
74,3.0,1.0,Bed of Roses,Drama|Romance,1996,4.0,8,3.7231
281,3.0,1.0,Nobody's Fool,Comedy|Drama|Romance,1994,3.7857,14,3.6673
445,3.0,1.0,Fatal Instinct,Comedy,1993,3.0,12,3.228
446,3.0,1.0,Farewell My Concubine (Ba wang bie ji),Drama|Romance,1993,3.8333,9,3.6587
488,3.0,1.0,M. Butterfly,Drama|Romance,1993,3.0,1,3.456
580,3.0,1.0,Princess Caraboo,Drama,1994,2.8,5,3.2677
638,3.0,1.0,Jack and Sarah,Romance,1995,3.0,1,3.456
731,3.0,1.0,Heaven's Prisoners,Crime|Thriller,1996,3.3333,3,3.4627
764,3.0,1.0,Heavy,Drama|Romance,1995,3.5,2,3.5013
813,3.0,1.0,Larger Than Life,Comedy,1996,2.8,5,3.2677
893,3.0,1.0,Mother Night,Drama,1996,3.6667,3,3.5397
907,3.0,1.0,"Gay Divorcee, The",Comedy|Musical|Romance,1934,3.5,2,3.5013
963,3.0,1.0,"Inspector General, The",Musical,1949,3.0,1,3.456
976,3.0,1.0,"Farewell to Arms, A",Romance|War,1932,3.0,1,3.456
982,3.0,1.0,Picnic,Drama,1955,3.0,1,3.456
993,3.0,1.0,Infinity,Drama,1996,3.0,1,3.456
1008,3.0,1.0,"Davy Crockett, King of the Wild Frontier",Adventure|Western,1955,3.0,1,3.456
1114,3.0,1.0,"Funeral, The",Crime|Drama,1996,3.0,1,3.456
1211,3.0,1.0,"Wings of Desire (Himmel über Berlin, Der)",Drama|Fantasy|Romance,1987,3.8846,13,3.7181
1289,3.0,1.0,Koyaanisqatsi (a.k.a. Koyaanisqatsi: Life Out of Balance),Documentary,1983,3.8636,11,3.6912
1355,3.0,1.0,Nightwatch,Horror|Thriller,1997,2.0,3,3.1551
1453,3.0,1.0,"Beautician and the Beast, The",Comedy|Romance,1997,1.8333,3,3.1166
1497,3.0,1.0,Double Team,Action,1997,4.0,3,3.6166
1550,3.0,1.0,Trial and Error,Comedy|Romance,1997,2.25,4,3.144
1633,3.0,1.0,Ulee's Gold,Drama,1997,4.0,5,3.6677
1643,3.0,1.0,"Mrs. Brown (a.k.a. Her Majesty, Mrs. Brown)",Drama|Romance,1997,3.8,5,3.601
1660,3.0,1.0,Eve's Bayou,Drama,1997,3.0,1,3.456
1694,3.0,1.0,"Apostle, The",Drama,1997,3.0,7,3.295
1791,3.0,1.0,Twilight,Crime|Drama|Thriller,1998,2.3333,3,3.232
1794,3.0,1.0,Love and Death on Long Island,Comedy|Drama,1997,3.0,1,3.456
1837,3.0,1.0,"Odd Couple II, The",Comedy,1998,2.25,4,3.144
1839,3.0,1.0,My Giant,Comedy,1998,3.0,1,3.456
1904,3.0,1.0,Henry Fool,Comedy|Drama,1997,3.3333,3,3.4627
1919,3.0,1.0,Madeline,Children|Comedy,1998,2.5,5,3.1677
1926,3.0,1.0,"Broadway Melody, The",Musical,1929,3.0,1,3.456
1933,3.0,1.0,"Life of Emile Zola, The",Drama,1937,3.0,1,3.456
1936,3.0,1.0,Mrs. Miniver,Drama|War,1942,4.0,3,3.6166
1948,3.0,1.0,Tom Jones,Adventure|Comedy|Romance,1963,3.6429,7,3.5597
2038,3.0,1.0,"Cat from Outer Space, The",Children|Comedy|Sci-Fi,1978,2.3333,3,3.232
2043,3.0,1.0,Darby O'Gill and the Little People,Adventure|Children|Fantasy,1959,2.75,4,3.2868
2055,3.0,1.0,Hot Lead and Cold Feet,Action|Comedy|Western,1978,3.0,1,3.456
2057,3.0,1.0,"Incredible Journey, The",Adventure|Children,1963,3.375,4,3.4654
2065,3.0,1.0,"Purple Rose of Cairo, The",Comedy|Drama|Fantasy|Romance,1985,3.7308,13,3.6311
2071,3.0,1.0,And the Band Played On,Drama,1993,3.25,2,3.4596
2074,3.0,1.0,"Night Porter, The (Portiere di notte, Il)",Crime|Drama|Romance,1974,3.6667,3,3.5397
2098,3.0,1.0,Son of Flubber,Children|Comedy,1963,2.5,2,3.3346
2177,3.0,1.0,Family Plot,Comedy|Thriller,1976,3.1667,3,3.4243
2178,3.0,1.0,Frenzy,Thriller,1972,3.5,2,3.5013
2179,3.0,1.0,Topaz,Thriller,1969,3.0,1,3.456
2201,3.0,1.0,"Paradine Case, The",Drama,1947,3.5,2,3.5013
2211,3.0,1.0,Secret Agent,Thriller,1936,3.0,1,3.456
2212,3.0,1.0,"Man Who Knew Too Much, The",Drama|Thriller,1934,3.6667,3,3.5397
2344,3.0,1.0,Runaway Train,Action|Adventure|Drama|Thriller,1985,3.25,8,3.3898
2347,3.0,1.0,"Pope of Greenwich Village, The",Drama,1984,2.3333,3,3.232
2400,3.0,1.0,Prancer,Children|Drama|Fantasy,1989,3.0,2,3.418
2429,3.0,1.0,Mighty Joe Young,Action|Adventure|Drama|Fantasy|Thriller,1998,2.8,5,3.2677
2460,3.0,1.0,"Texas Chainsaw Massacre 2, The",Horror,1986,2.0,3,3.1551
2462,3.0,1.0,Texas Chainsaw Massacre: The Next Generation (a.k.a. The Return of the Texas Chainsaw Massacre),Horror,1994,3.0,1,3.456
2521,3.0,1.0,Airport 1975,Action|Drama|Thriller,1974,3.5,2,3.5013
2522,3.0,1.0,Airport '77,Drama,1977,3.25,4,3.4297
2527,3.0,1.0,Westworld,Action|Sci-Fi|Thriller|Western,1973,3.4167,18,3.447
2611,3.0,1.0,"Winslow Boy, The",Drama,1999,3.0,1,3.456
2634,3.0,1.0,"Mummy, The",Horror,1959,3.3333,3,3.4627
2652,3.0,1.0,"Curse of Frankenstein, The",Horror,1957,3.0,1,3.456
2670,3.0,1.0,Run Silent Run Deep,War,1958,3.6,5,3.5344
2743,3.0,1.0,Native Son,Drama,1986,3.0,1,3.456
2844,3.0,1.0,"Minus Man, The",Drama|Mystery,1999,2.6667,3,3.3089
2847,3.0,1.0,Only Angels Have Wings,Adventure|Drama|Romance,1939,3.0,2,3.418
2870,3.0,1.0,Barefoot in the Park,Comedy,1967,3.3125,8,3.4175
2903,3.0,1.0,Psycho III,Horror|Thriller,1986,2.5,2,3.3346
2907,3.0,1.0,Superstar,Comedy,1999,3.5714,7,3.5303
2932,3.0,1.0,Days of Heaven,Drama,1978,3.6667,3,3.5397
2970,3.0,1.0,Fitzcarraldo,Adventure|Drama,1982,3.375,4,3.4654
3015,3.0,1.0,Coma,Thriller,1978,3.6667,3,3.5397
3017,3.0,1.0,Creepshow 2,Horror,1987,3.0,4,3.3583
3024,3.0,1.0,Piranha,Horror|Sci-Fi,1978,2.6429,7,3.148
3031,3.0,1.0,Repossessed,Comedy,1990,2.375,4,3.1797
3048,3.0,1.0,Under the Rainbow,Comedy,1981,2.0,3,3.1551
3061,3.0,1.0,Holiday Inn,Comedy|Musical,1942,3.625,8,3.5564
3068,3.0,1.0,"Verdict, The",Drama|Mystery,1982,4.3571,7,3.8539
3074,3.0,1.0,Jeremiah Johnson,Western,1972,4.25,4,3.7154
3076,3.0,1.0,Irma la Douce,Comedy,1963,3.625,4,3.5368
3093,3.0,1.0,McCabe & Mrs. Miller,Drama|Western,1971,3.75,4,3.5725
3109,3.0,1.0,"River, The",Drama,1984,3.5,4,3.5011
3112,3.0,1.0,'night Mother,Drama,1986,3.0,1,3.456
3134,3.0,1.0,Grand Illusion (La grande illusion),Drama|War,1937,3.7143,7,3.5892
3159,3.0,1.0,Fantasia 2000,Animation|Children|Musical|IMAX,1999,3.8333,15,3.7006
3167,3.0,1.0,Carnal Knowledge,Comedy|Drama,1971,3.5,4,3.5011
3204,3.0,1.0,"Boys from Brazil, The",Action|Mystery|Thriller,1978,3.6875,8,3.5842
3284,3.0,1.0,They Might Be Giants,Comedy|Mystery|Romance,1971,3.0,1,3.456
3345,3.0,1.0,"Charlie, the Lonesome Cougar",Adventure|Children,1967,3.0,1,3.456
3358,3.0,1.0,Defending Your Life,Comedy|Drama|Fantasy|Romance,1991,3.85,10,3.6758
3422,3.0,1.0,She's Gotta Have It,Comedy|Romance,1986,3.3333,6,3.4385
3466,3.0,1.0,Heart and Souls,Comedy|Fantasy,1993,3.0,8,3.2786
3497,3.0,1.0,Max Dugan Returns,Comedy,1983,2.5,4,3.2154
3500,3.0,1.0,Mr. Saturday Night,Comedy|Drama,1992,3.0,4,3.3583
3506,3.0,1.0,North Dallas Forty,Comedy|Drama,1979,3.0,5,3.3344
3572,3.0,1.0,Carnosaur,Horror|Sci-Fi,1993,2.0,4,3.0725
3576,3.0,1.0,"Hidden, The",Action|Horror|Sci-Fi,1987,3.5,4,3.5011
3652,3.0,1.0,"City of the Living Dead (a.k.a. Gates of Hell, The) (Paura nella città dei morti viventi)",Horror,1980,3.0,1,3.456
3653,3.0,1.0,"Endless Summer, The",Documentary,1966,4.1667,3,3.6551
3769,3.0,1.0,Thunderbolt and Lightfoot,Action,1974,3.3333,3,3.4627
3771,3.0,1.0,The Golden Voyage of Sinbad,Action|Adventure|Fantasy,1973,4.0,3,3.6166
3806,3.0,1.0,Mackenna's Gold,Western,1969,3.0,1,3.456
3870,3.0,1.0,Our Town,Drama,1940,3.0,1,3.456
3926,3.0,1.0,Voyage to the Bottom of the Sea,Adventure|Sci-Fi,1961,3.0,1,3.456
3929,3.0,1.0,"Bank Dick, The",Comedy,1940,2.5,2,3.3346
3964,3.0,1.0,"Adventures of Ichabod and Mr. Toad, The",Animation|Children,1949,3.0,3,3.3858
3974,3.0,1.0,"Little Vampire, The",Adventure|Children,2000,3.0,1,3.456
3985,3.0,1.0,"Eagle Has Landed, The",Drama|War,1976,3.25,6,3.4072
3987,3.0,1.0,Bounce,Drama|Romance,2000,2.4167,6,3.0947
4000,3.0,1.0,"Bounty, The",Adventure|Drama,1984,3.0,3,3.3858
4009,3.0,1.0,Talk Radio,Drama,1988,3.0,2,3.418
4042,3.0,1.0,"Alamo, The",Action|Drama|War|Western,1960,3.375,4,3.4654
4055,3.0,1.0,Panic,Drama,2000,4.0,2,3.5846
4110,3.0,1.0,"Fourth Protocol, The",Thriller,1987,3.0,1,3.456
4197,3.0,1.0,Real Life,Comedy,1979,3.0,1,3.456
4198,3.0,1.0,Battle Beyond the Stars,Sci-Fi,1980,3.0,1,3.456
4212,3.0,1.0,Death on the Nile,Crime|Mystery,1978,3.0,1,3.456
4241,3.0,1.0,Pokémon 3: The Movie,Animation|Children,2001,2.1,5,3.0344
4397,3.0,1.0,Cannonball Run II,Action|Comedy,1984,2.5,2,3.3346
4464,3.0,1.0,"Accidental Tourist, The",Comedy|Drama|Romance,1988,3.6,5,3.5344
4473,3.0,1.0,Bat*21,Drama|War,1988,3.0,1,3.456
4521,3.0,1.0,Little Nikita,Drama,1988,3.0,1,3.456
4574,3.0,1.0,Blind Fury,Action|Thriller,1989,3.25,2,3.4596
4589,3.0,1.0,Eddie and the Cruisers,Drama|Musical|Mystery,1983,2.0,2,3.2513
4594,3.0,1.0,Farewell to the King,Action|War,1989,3.0,1,3.456
4634,3.0,1.0,Penn & Teller Get Killed,Adventure|Comedy,1989,4.0,2,3.5846
4704,3.0,1.0,Hatari!,Adventure|Comedy,1962,3.0,1,3.456
4744,3.0,1.0,Jeepers Creepers,Horror,2001,2.5,7,3.0892
4769,3.0,1.0,Into the Arms of Strangers: Stories of the Kindertransport,Documentary,2000,3.0,1,3.456
4795,3.0,1.0,Father Goose,Adventure|Comedy|Romance|War,1964,3.6667,3,3.5397
4802,3.0,1.0,Operation Petticoat,Action|Comedy|Romance|War,1959,3.0,4,3.3583
4879,3.0,1.0,High Heels and Low Lifes,Action|Comedy|Crime|Drama,2001,3.0,1,3.456
4912,3.0,1.0,Funny Girl,Drama|Musical|Romance,1968,3.75,4,3.5725
4916,3.0,1.0,Midway,Drama|War,1976,3.3333,3,3.4627
4966,3.0,1.0,"Incredible Shrinking Man, The",Sci-Fi|Thriller,1957,3.0,1,3.456
5048,3.0,1.0,Snow Dogs,Adventure|Children|Comedy,2002,2.3333,6,3.0635
5077,3.0,1.0,Cousins,Comedy|Romance,1989,3.0,1,3.456
5092,3.0,1.0,Big Fat Liar,Children|Comedy,2002,3.0,5,3.3344
5099,3.0,1.0,Heidi,Children|Drama,1937,2.5,4,3.2154
5147,3.0,1.0,Wild Strawberries (Smultronstället),Drama,1957,3.75,4,3.5725
5168,3.0,1.0,Royal Wedding,Comedy|Musical|Romance,1951,3.0,1,3.456
5177,3.0,1.0,"Magnificent Ambersons, The",Drama|Romance,1942,3.5,2,3.5013
5221,3.0,1.0,Harrison's Flowers,Drama,2000,3.0,1,3.456
5311,3.0,1.0,"Watcher in the Woods, The",Children|Horror|Mystery|Thriller,1980,3.0,1,3.456
5333,3.0,1.0,Bob le Flambeur,Crime|Drama,1955,3.3333,3,3.4627
5353,3.0,1.0,Butterflies Are Free,Comedy|Drama,1972,3.0,1,3.456
5375,3.0,1.0,"Harvey Girls, The",Comedy|Musical|Western,1946,3.0,1,3.456
5384,3.0,1.0,I Want to Live!,Crime|Drama,1958,3.0,1,3.456
5410,3.0,1.0,Silent Running,Drama|Sci-Fi,1972,2.375,4,3.1797
5440,3.0,1.0,She Wore a Yellow Ribbon,Western,1949,3.0,1,3.456
5497,3.0,1.0,Our Man Flint,Adventure|Comedy|Sci-Fi,1965,3.5,3,3.5012
5504,3.0,1.0,Spy Kids 2: The Island of Lost Dreams,Adventure|Children,2002,2.2143,7,2.9715
5512,3.0,1.0,Secret Ballot (Raye makhfi),Comedy,2001,3.25,2,3.4596
5643,3.0,1.0,Powaqqatsi,Documentary,1988,3.5,3,3.5012
5649,3.0,1.0,Horror of Dracula (Dracula),Horror,1958,3.0,1,3.456
5670,3.0,1.0,Comedian,Comedy|Documentary,2002,3.0,2,3.418
5684,3.0,1.0,Naqoyqatsi,Documentary,2002,3.0,1,3.456
5707,3.0,1.0,Absence of Malice,Drama|Romance,1981,3.25,2,3.4596
5752,3.0,1.0,Gregory's Girl,Comedy|Romance,1981,3.0,1,3.456
5768,3.0,1.0,Modern Problems,Comedy|Fantasy,1981,3.0,1,3.456
5891,3.0,1.0,I Spit on Your Grave (Day of the Woman),Horror|Thriller,1978,2.625,4,3.2511
5899,3.0,1.0,Zulu,Action|Drama|War,1964,4.0,4,3.644
5909,3.0,1.0,Visitor Q (Bizita Q),Comedy|Drama|Horror,2001,3.3,5,3.4344
6040,3.0,1.0,Darkness Falls,Horror|Thriller,2003,2.125,4,3.1083
6042,3.0,1.0,Blind Spot: Hitler's Secretary (Im toten Winkel - Hitlers Sekretärin),Documentary,2002,3.0,1,3.456
6051,3.0,1.0,"Harder They Come, The",Action|Crime|Drama,1973,4.1667,3,3.6551
6122,3.0,1.0,Richard Pryor Live on the Sunset Strip,Comedy|Documentary,1982,4.0,2,3.5846
6225,3.0,1.0,King of Kings,Drama,1961,3.0,1,3.456
6239,3.0,1.0,Journey to the Center of the Earth,Adventure|Children|Sci-Fi,1959,2.75,2,3.3763
6244,3.0,1.0,Salaam Bombay!,Drama,1988,3.5,2,3.5013
6336,3.0,1.0,Marooned in Iraq (Gomgashtei dar Aragh),Drama,2002,3.0,1,3.456
6382,3.0,1.0,Together (Han ni Zai Yiki),Drama,2002,3.0,1,3.456
6405,3.0,1.0,Treasure Island,Adventure|Children,1950,3.25,2,3.4596
6410,3.0,1.0,Car Wash,Comedy,1976,3.75,2,3.543
6428,3.0,1.0,Two Mules for Sister Sara,Comedy|War|Western,1970,3.0,2,3.418
6434,3.0,1.0,"Objective, Burma!",War,1945,3.0,1,3.456
6476,3.0,1.0,Shattered,Mystery|Thriller,1991,3.0,1,3.456
6477,3.0,1.0,"Song of Bernadette, The",Drama,1943,3.0,1,3.456
6527,3.0,1.0,Scaramouche,Adventure|Romance,1952,3.0,1,3.456
6584,3.0,1.0,"What's Up, Tiger Lily?",Adventure|Comedy|Crime|Thriller,1966,3.1667,3,3.4243
6629,3.0,1.0,House of Wax,Crime|Horror|Mystery|Thriller,1953,3.5,3,3.5012
6663,3.0,1.0,"Pink Panther Strikes Again, The",Comedy|Crime,1976,3.4,5,3.4677
6772,3.0,1.0,To Be and to Have (Être et avoir),Documentary,2002,3.0,1,3.456
6777,3.0,1.0,Judgment at Nuremberg,Drama,1961,3.6,5,3.5344
6798,3.0,1.0,Bugsy Malone,Children|Comedy|Crime|Musical,1976,2.75,2,3.3763
6808,3.0,1.0,Where Eagles Dare,Action|Adventure|War,1968,4.0,4,3.644
6814,3.0,1.0,City Heat,Action|Comedy,1984,3.0,1,3.456
6837,3.0,1.0,Love Affair,Comedy|Drama|Romance,1939,3.0,1,3.456
6869,3.0,1.0,Bus 174 (Ônibus 174),Crime|Documentary,2002,3.8333,3,3.5781
6920,3.0,1.0,"Cercle Rouge, Le (Red Circle, The)",Crime|Thriller,1970,3.5,3,3.5012
6997,3.0,1.0,Hoffa,Crime|Drama,1992,3.0,2,3.418
7012,3.0,1.0,Mr. Destiny,Comedy|Fantasy,1990,3.0,1,3.456
7024,3.0,1.0,"Salo, or The 120 Days of Sodom (Salò o le 120 giornate di Sodoma)",Drama,1976,3.6667,3,3.5397
7045,3.0,1.0,"Witches, The",Children|Fantasy,1990,3.1667,3,3.4243
7049,3.0,1.0,Flying Down to Rio,Comedy|Musical|Romance,1933,3.0,1,3.456
7051,3.0,1.0,"What's New, Pussycat",Comedy,1965,3.5,2,3.5013
7052,3.0,1.0,Mary of Scotland,Drama,1936,3.0,1,3.456
7083,3.0,1.0,Sweet Dreams,Drama,1985,3.0,1,3.456
7084,3.0,1.0,"Play It Again, Sam",Comedy|Romance,1972,3.75,4,3.5725
7108,3.0,1.0,Crime Story (Zhong an zu),Action|Crime|Drama,1993,3.25,2,3.4596
7167,3.0,1.0,Japanese Story,Drama,2003,3.0,1,3.456
7171,3.0,1.0,Aileen: Life and Death of a Serial Killer,Documentary,2003,3.5,2,3.5013
7192,3.0,1.0,Only the Strong,Action,1993,3.0,2,3.418
7225,3.0,1.0,Pumping Iron,Documentary,1977,3.6667,3,3.5397
7320,3.0,1.0,Dirty Dancing: Havana Nights,Romance,2004,3.4,5,3.4677
7372,3.0,1.0,Ned Kelly,Drama,2003,3.0,1,3.456
7380,3.0,1.0,Ella Enchanted,Comedy|Fantasy|Romance,2004,3.3571,7,3.4421
7587,3.0,1.0,"Samouraï, Le (Godson, The)",Crime|Drama|Thriller,1967,4.0,4,3.644
7669,3.0,1.0,Pride and Prejudice,Drama|Romance,1995,3.5556,9,3.5271
7727,3.0,1.0,Protocol,Comedy,1984,3.0,1,3.456
7810,3.0,1.0,Babylon 5: A Call to Arms,Adventure|Sci-Fi,1999,3.3333,3,3.4627
7822,3.0,1.0,Mogambo,Adventure|Drama|Romance,1953,3.0,1,3.456
7844,3.0,1.0,"Legend, The (Legend of Fong Sai-Yuk, The) (Fong Sai Yuk)",Action|Comedy,1993,3.5,2,3.5013
7882,3.0,1.0,The Plague of the Zombies,Horror,1966,3.0,1,3.456
7900,3.0,1.0,Frankenstein Must Be Destroyed,Drama|Horror|Sci-Fi,1969,3.0,1,3.456
7944,3.0,1.0,"Night of the Iguana, The",Drama|Thriller,1964,3.0,1,3.456
8012,3.0,1.0,Kikujiro (Kikujirô no natsu),Comedy|Drama,1999,3.6667,3,3.5397
8033,3.0,1.0,How to Steal a Million,Comedy|Crime|Romance,1966,3.6667,3,3.5397
8057,3.0,1.0,Sweet Bird of Youth,Drama,1962,3.0,1,3.456
8121,3.0,1.0,"Seducing Doctor Lewis (Grande séduction, La)",Comedy,2003,2.0,2,3.2513
8372,3.0,1.0,Garfield: The Movie,Animation|Children|Comedy,2004,2.3,5,3.101
8373,3.0,1.0,"Stepford Wives, The",Comedy|Fantasy|Thriller,2004,2.25,12,2.8189
8385,3.0,1.0,Lover Come Back,Comedy|Romance,1961,3.0,1,3.456
8450,3.0,1.0,Anthony Adverse,Adventure|Romance,1936,3.0,1,3.456
8462,3.0,1.0,Executive Suite,Drama,1954,3.0,1,3.456
8481,3.0,1.0,Northwest Passage,Action|Adventure|Drama|Romance|Thriller|Western,1940,3.0,1,3.456
8487,3.0,1.0,Please Don't Eat the Daisies,Children|Comedy|Musical,1960,3.5,2,3.5013
8502,3.0,1.0,Show Boat,Drama|Musical|Romance,1951,3.0,1,3.456
8575,3.0,1.0,"Happenstance (Battement d'ailes du papillon, Le)",Comedy|Drama,2001,3.0,1,3.456
8596,3.0,1.0,Revenge of the Pink Panther,Comedy|Crime,1978,3.25,2,3.4596
8617,3.0,1.0,Butterfield 8,Drama,1960,3.0,1,3.456
8633,3.0,1.0,"Last Starfighter, The",Action|Adventure|Comedy|Sci-Fi,1984,3.5714,7,3.5303
8711,3.0,1.0,Mr. Blandings Builds His Dream House,Comedy,1948,3.0,1,3.456
8712,3.0,1.0,My Favorite Wife,Comedy|Romance,1940,3.0,1,3.456
8718,3.0,1.0,"Snake Pit, The",Drama,1948,3.5,2,3.5013
8755,3.0,1.0,My Voyage to Italy (Il mio viaggio in Italia),Documentary,1999,3.0,1,3.456
8771,3.0,1.0,Sherlock Holmes: Terror by Night,Crime|Mystery|Thriller,1946,3.0,1,3.456
8773,3.0,1.0,Sherlock Holmes and the Secret Weapon,Crime|Mystery|Thriller,1942,3.0,1,3.456
8832,3.0,1.0,Warriors of Heaven and Earth (Tian di ying xiong),Action|Adventure|Drama,2003,3.25,2,3.4596
8955,3.0,1.0,Undertow,Crime|Drama|Thriller,2004,3.0,1,3.456
8987,3.0,1.0,Bush's Brain,Documentary,2004,3.0,1,3.456
25856,3.0,1.0,Wuthering Heights,Drama|Romance,1939,3.25,2,3.4596
25927,3.0,1.0,"Stranger, The",Drama|Film-Noir|Thriller,1946,3.0,1,3.456
25962,3.0,1.0,King Solomon's Mines,Action|Adventure|Romance,1950,3.0,1,3.456
26172,3.0,1.0,Point Blank,Action|Crime|Drama|Thriller,1967,3.0,2,3.418
26195,3.0,1.0,Sympathy for the Devil,Documentary|Musical,1968,3.0,1,3.456
26198,3.0,1.0,"Yours, Mine and Ours",Children|Comedy,1968,2.75,2,3.3763
26283,3.0,1.0,Charley Varrick,Crime|Drama|Thriller,1973,3.0,1,3.456
26344,3.0,1.0,French Connection II,Action|Crime|Drama|Thriller,1975,3.0,1,3.456
26375,3.0,1.0,Silver Streak,Action|Comedy|Crime,1976,3.6667,3,3.5397
26413,3.0,1.0,Snake in the Eagle's Shadow (Se ying diu sau),Action|Comedy,1978,3.25,2,3.4596
26422,3.0,1.0,Hair,Comedy|Drama|Musical,1979,3.1667,3,3.4243
26464,3.0,1.0,Blue Thunder,Action|Crime|Drama,1983,3.0,1,3.456
26467,3.0,1.0,"Day After, The",Drama|Sci-Fi,1983,3.0,1,3.456
26504,3.0,1.0,Cloak & Dagger,Action|Adventure|Children|Crime|Mystery|Thriller,1984,3.25,2,3.4596
26539,3.0,1.0,Death of a Salesman,Drama,1985,3.0,1,3.456
26562,3.0,1.0,White Nights,Drama,1985,3.0,1,3.456
26585,3.0,1.0,"Better Tomorrow, A (Ying hung boon sik)",Crime|Drama|Thriller,1986,3.8333,3,3.5781
26612,3.0,1.0,"Better Tomorrow II, A (Ying hung boon sik II)",Crime|Drama|Thriller,1987,4.0,2,3.5846
26622,3.0,1.0,Dominick and Eugene,Drama,1988,3.0,1,3.456
26630,3.0,1.0,Moonwalker,Musical,1988,3.0,1,3.456
26631,3.0,1.0,Alice (Neco z Alenky),Animation|Fantasy|Mystery,1988,3.75,2,3.543
26680,3.0,1.0,Cry-Baby,Comedy|Musical|Romance,1990,3.8,5,3.601
26701,3.0,1.0,Patlabor: The Movie (Kidô keisatsu patorebâ: The Movie),Action|Animation|Crime|Drama|Film-Noir|Mystery|Sci-Fi|Thriller,1989,3.0,1,3.456
26750,3.0,1.0,Quigley Down Under,Adventure|Drama|Western,1990,3.25,2,3.4596
26797,3.0,1.0,Visions of Light: The Art of Cinematography,Documentary,1992,3.0,1,3.456
26865,3.0,1.0,Fist of Legend (Jing wu ying xiong),Action|Drama,1994,3.375,4,3.4654
27032,3.0,1.0,Who Am I? (Wo shi shei),Action|Adventure|Comedy|Sci-Fi|Thriller,1998,3.5,2,3.5013
27397,3.0,1.0,Joint Security Area (Gongdong gyeongbi guyeok JSA),Crime|Drama|Mystery|Thriller|War,2000,4.25,4,3.7154
27592,3.0,1.0,Sympathy for Mr. Vengeance (Boksuneun naui geot),Crime|Drama,2002,3.8,5,3.601
27664,3.0,1.0,"Brown Bunny, The",Drama,2003,3.25,2,3.4596
27728,3.0,1.0,Ghost in the Shell 2: Innocence (a.k.a. Innocence) (Inosensu),Action|Animation|Drama|Sci-Fi|Thriller,2004,2.1667,3,3.1935
27768,3.0,1.0,Intimate Strangers (Confidences trop intimes),Drama,2004,3.75,2,3.543
27769,3.0,1.0,Down to the Bone,Drama,2004,3.0,1,3.456
27803,3.0,1.0,"Sea Inside, The (Mar adentro)",Drama,2004,4.0,8,3.7231
30816,3.0,1.0,"Phantom of the Opera, The",Drama|Musical|Romance,2004,3.1667,12,3.3189
31660,3.0,1.0,Steamboy (Suchîmubôi),Action|Animation|Drama|Sci-Fi,2004,3.0,2,3.418
32017,3.0,1.0,"Pacifier, The",Action|Comedy,2005,2.7143,7,3.1774
32022,3.0,1.0,Gunner Palace,Documentary|War,2004,3.6667,3,3.5397
32554,3.0,1.0,Memories (Memorîzu),Animation|Fantasy|Sci-Fi|Thriller,1995,3.8333,3,3.5781
32898,3.0,1.0,"Trip to the Moon, A (Voyage dans la lune, Le)",Action|Adventure|Fantasy|Sci-Fi,1902,3.5,5,3.501
33090,3.0,1.0,Mutant Aliens,Animation|Comedy|Sci-Fi,2001,4.0,2,3.5846
33801,3.0,1.0,Godzilla: Final Wars (Gojira: Fainaru uôzu),Action|Adventure|Fantasy|Sci-Fi,2004,3.0,1,3.456
34018,3.0,1.0,At the Circus,Comedy|Musical,1939,3.0,1,3.456
34148,3.0,1.0,"Beat That My Heart Skipped, The (battre mon coeur s'est arrêté, De)",Drama,2005,3.0,2,3.418
36850,3.0,1.0,Police Story 2 (Ging chaat goo si juk jaap),Action|Comedy|Crime|Thriller,1988,3.75,2,3.543
37211,3.0,1.0,Go West,Comedy|Musical|Western,1940,3.0,1,3.456
37475,3.0,1.0,"Unfinished Life, An",Drama,2005,3.0,1,3.456
40578,3.0,1.0,Sword of the Beast (Kedamono no ken),Action|Drama,1965,3.0,1,3.456
42007,3.0,1.0,Rumor Has It...,Comedy|Drama|Romance,2005,2.8333,3,3.3474
42285,3.0,1.0,"Dentist, The",Horror|Thriller,1996,3.0,1,3.456
42559,3.0,1.0,Samurai Assassin (Samurai),Action|Adventure|Drama,1965,3.0,1,3.456
42632,3.0,1.0,Lady Vengeance (Sympathy for Lady Vengeance) (Chinjeolhan geumjassi),Crime|Drama|Mystery|Thriller,2005,4.0,5,3.6677
42723,3.0,1.0,Hostel,Horror,2005,2.8636,11,3.1674
42946,3.0,1.0,Project A ('A' gai waak),Action|Comedy,1983,4.0,2,3.5846
43869,3.0,1.0,Curious George,Adventure|Animation|Children|Comedy,2006,3.5,2,3.5013
43908,3.0,1.0,London,Drama,2005,3.0,1,3.456
44197,3.0,1.0,Find Me Guilty,Comedy|Crime|Drama,2006,3.0,1,3.456
45183,3.0,1.0,"Protector, The (a.k.a. Warrior King) (Tom yum goong)",Action|Comedy|Crime|Thriller,2005,3.0,1,3.456
47725,3.0,1.0,Angel-A,Comedy|Drama|Fantasy|Romance,2005,3.5,3,3.5012
48342,3.0,1.0,Conversations with Other Women,Comedy|Drama|Romance,2005,4.0,2,3.5846
48414,3.0,1.0,Open Season,Adventure|Animation|Children|Comedy|IMAX,2006,3.0,2,3.418
48877,3.0,1.0,Saw III,Crime|Horror|Thriller,2006,3.0455,11,3.2627
49666,3.0,1.0,Fur: An Imaginary Portrait of Diane Arbus,Drama|Fantasy|Romance,2006,3.0,1,3.456
50064,3.0,1.0,"Good German, The",Drama|Mystery|Thriller,2006,3.0,1,3.456
50274,3.0,1.0,Venus,Drama|Romance,2006,3.5,2,3.5013
50800,3.0,1.0,"Messengers, The",Drama|Horror|Thriller,2007,2.5,2,3.3346
53022,3.0,1.0,Wheels on Meals (Kuai can che),Action|Comedy|Crime|Romance,1984,3.75,2,3.543
53161,3.0,1.0,"I'm a Cyborg, But That's OK (Saibogujiman kwenchana)",Comedy|Drama|Romance|Sci-Fi,2006,3.0,2,3.418
53318,3.0,1.0,Cashback,Comedy|Drama|Romance,2006,3.25,4,3.4297
54116,3.0,1.0,First Snow,Drama|Thriller,2006,3.25,2,3.4596
54121,3.0,1.0,Broken Arrow,Drama|Romance|Western,1950,3.0,1,3.456
55190,3.0,1.0,Love and Other Disasters,Comedy|Romance,2006,3.0,1,3.456
55207,3.0,1.0,Cashback,Comedy|Drama,2004,3.0,1,3.456
55620,3.0,1.0,For the Bible Tells Me So,Documentary,2007,3.25,2,3.4596
56286,3.0,1.0,I'm Not There,Drama,2007,3.5,2,3.5013
56805,3.0,1.0,Walk Hard: The Dewey Cox Story,Comedy|Musical,2007,3.3,5,3.4344
57499,3.0,1.0,Heaven and Earth (Ten to Chi to),Action|Adventure|Drama|War,1990,3.0,1,3.456
57951,3.0,1.0,Fool's Gold,Action|Adventure|Comedy|Romance,2008,2.3333,3,3.232
58078,3.0,1.0,"Air I Breathe, The",Crime|Drama|Romance|Thriller,2007,3.0,1,3.456
58299,3.0,1.0,Horton Hears a Who!,Adventure|Animation|Children|Comedy,2008,3.4375,8,3.4731
58332,3.0,1.0,Diary of the Dead,Horror|Sci-Fi,2007,2.8333,3,3.3474
58870,3.0,1.0,Zebraman,Comedy,2004,3.5,2,3.5013
59258,3.0,1.0,Baby Mama,Comedy,2008,3.1364,11,3.3103
59336,3.0,1.0,Redbelt,Action|Drama,2008,3.0,1,3.456
62293,3.0,1.0,"Duchess, The",Drama|Romance,2008,3.5,4,3.5011
62336,3.0,1.0,FLCL,Animation|Comedy|Fantasy|Sci-Fi,2000,4.2778,9,3.8692
62662,3.0,1.0,Tokyo-Ga,Documentary,1985,3.0,1,3.456
63808,3.0,1.0,"Class, The (Entre les murs)",Drama,2008,2.75,2,3.3763
64231,3.0,1.0,Punisher: War Zone,Action|Crime|Drama|Thriller,2008,3.0,6,3.3135
65133,3.0,1.0,Blackadder Back & Forth,Comedy,1999,3.5,2,3.5013
65135,3.0,1.0,Blackadder's Christmas Carol,Comedy,1988,3.0,1,3.456
66097,3.0,1.0,Coraline,Animation|Fantasy|Thriller,2009,3.7,35,3.6559
66198,3.0,1.0,"International, The",Drama|Thriller,2009,3.0,2,3.418
66427,3.0,1.0,My Name Is Bruce,Comedy|Horror,2007,3.0,1,3.456
66783,3.0,1.0,Friday the 13th,Horror,2009,3.0,2,3.418
68793,3.0,1.0,Night at the Museum: Battle of the Smithsonian,Action|Comedy|IMAX,2009,3.1,10,3.3008
69604,3.0,1.0,Whatever Works,Comedy|Romance,2009,3.0,2,3.418
69644,3.0,1.0,Ice Age: Dawn of the Dinosaurs,Action|Adventure|Animation|Children|Comedy|Romance,2009,2.6071,14,2.9798
71248,3.0,1.0,Extract,Comedy,2009,2.0,2,3.2513
71304,3.0,1.0,Thirst (Bakjwi),Drama|Horror,2009,4.0,3,3.6166
71520,3.0,1.0,"Invention of Lying, The",Comedy,2009,2.3333,6,3.0635
72129,3.0,1.0,Saw VI,Crime|Horror|Mystery|Thriller,2009,3.5,3,3.5012
72395,3.0,1.0,Precious,Drama,2009,3.5,3,3.5012
73266,3.0,1.0,Youth in Revolt,Comedy|Drama|Romance,2009,3.0,5,3.3344
73808,3.0,1.0,"Chaser, The (Chugyeogja)",Crime|Drama|Thriller,2008,3.0,1,3.456
73854,3.0,1.0,"Rudolph, the Red-Nosed Reindeer",Adventure|Animation|Children|Fantasy|Musical,1964,3.8333,3,3.5781
74696,3.0,1.0,Last Train Home,Documentary|Drama,2009,3.0,1,3.456
75813,3.0,1.0,Leaves of Grass,Comedy|Crime|Drama|Thriller,2009,3.1667,3,3.4243
76293,3.0,1.0,Date Night,Action|Comedy|Romance,2010,3.3182,11,3.4055
76751,3.0,1.0,American Drug War: The Last White Hope,Crime|Documentary,2007,3.0,1,3.456
78088,3.0,1.0,Buried,Mystery|Thriller,2010,3.5,4,3.5011
78959,3.0,1.0,Endgame,Drama,2009,3.0,1,3.456
79242,3.0,1.0,"Kids Are All Right, The",Comedy|Drama,2010,2.9167,6,3.2822
79879,3.0,1.0,Piranha (Piranha 3D),Action|Horror|Thriller,2010,2.1667,3,3.1935
80139,3.0,1.0,Jackass 2.5,Comedy|Documentary,2007,4.1667,3,3.6551
81788,3.0,1.0,"Next Three Days, The",Crime|Drama|Romance|Thriller,2010,3.8571,7,3.648
81791,3.0,1.0,Somewhere,Drama,2010,3.0,1,3.456
81949,3.0,1.0,"Romantics, The",Comedy|Drama|Romance,2010,3.0,1,3.456
82667,3.0,1.0,I Saw the Devil (Akmareul boatda),Crime|Thriller,2010,3.875,4,3.6083
84392,3.0,1.0,"Lincoln Lawyer, The",Crime|Drama|Thriller,2011,3.6,10,3.5508
84523,3.0,1.0,Kill! (Kiru),Action|Comedy|Drama,1968,3.0,1,3.456
85022,3.0,1.0,Hall Pass,Comedy,2011,3.125,4,3.394
85179,3.0,1.0,Summer Wars (Samâ wôzu),Adventure|Animation|Comedy|Sci-Fi,2009,3.8333,3,3.5781
85438,3.0,1.0,Jane Eyre,Drama|Romance,2011,3.0,1,3.456
86864,3.0,1.0,Mothra (Mosura),Adventure|Fantasy|Sci-Fi,1961,3.0,1,3.456
86898,3.0,1.0,"Tree of Life, The",Drama,2011,4.0,2,3.5846
87197,3.0,1.0,Let the Bullets Fly,Action|Comedy,2010,3.0,1,3.456
87222,3.0,1.0,Kung Fu Panda 2,Action|Adventure|Animation|Children|Comedy|IMAX,2011,3.3235,17,3.3895
87298,3.0,1.0,Everything Must Go,Comedy|Drama,2010,2.6667,3,3.3089
87869,3.0,1.0,Horrible Bosses,Comedy|Crime,2011,3.4375,24,3.4563
87876,3.0,1.0,Cars 2,Adventure|Animation|Children|Comedy|IMAX,2011,3.1667,3,3.4243
87960,3.0,1.0,Between the Folds,Documentary,2008,3.0,1,3.456
88672,3.0,1.0,Our Idiot Brother,Comedy,2011,3.25,2,3.4596
89343,3.0,1.0,Red State,Action|Crime|Horror|Thriller,2011,3.0,1,3.456
89753,3.0,1.0,Tinker Tailor Soldier Spy,Drama|Film-Noir|Thriller,2011,3.8125,8,3.6398
89774,3.0,1.0,Warrior,Drama,2011,3.7273,11,3.6198
90057,3.0,1.0,Take Shelter,Drama,2011,3.75,2,3.543
90374,3.0,1.0,Martha Marcy May Marlene,Drama|Thriller,2011,3.75,2,3.543
90428,3.0,1.0,Margaret,Drama,2011,3.0,1,3.456
90430,3.0,1.0,Carnage,Comedy|Drama,2011,4.0,4,3.644
90439,3.0,1.0,Margin Call,Drama|Thriller,2011,3.7857,7,3.6186
90717,3.0,1.0,Tower Heist,Action|Comedy|Crime,2011,3.5,4,3.5011
90945,3.0,1.0,"Sign of Four, The",Adventure|Crime|Drama,1987,3.0,1,3.456
91128,3.0,1.0,"Rum Diary, The",Comedy|Drama|Thriller,2011,3.5833,6,3.5322
93838,3.0,1.0,The Raid: Redemption,Action|Crime,2011,4.3333,9,3.8956
94896,3.0,1.0,Bernie,Comedy|Crime|Drama,2011,3.5,2,3.5013
95201,3.0,1.0,To Rome with Love,Comedy,2012,3.0,1,3.456
95624,3.0,1.0,"Firm, The",Drama,2009,3.0,1,3.456
95839,3.0,1.0,"Christmas Carol, A",Drama|Fantasy,1999,3.0,1,3.456
96281,3.0,1.0,ParaNorman,Adventure|Animation|Comedy,2012,3.5,2,3.5013
96432,3.0,1.0,Lawless,Crime|Drama,2012,3.625,4,3.5368
97230,3.0,1.0,Side by Side,Documentary,2012,3.0,1,3.456
97328,3.0,1.0,Liberal Arts,Comedy|Drama,2012,3.0,1,3.456
97936,3.0,1.0,Anna Karenina,Drama,2012,3.0,1,3.456
97938,3.0,1.0,Life of Pi,Adventure|Drama|IMAX,2012,3.629,31,3.5979
98122,3.0,1.0,Indie Game: The Movie,Documentary,2012,3.0,2,3.418
98279,3.0,1.0,"Fantastic Fear of Everything, A",Comedy,2012,4.0,2,3.5846
98491,3.0,1.0,Paperman,Animation|Comedy|Romance,2012,4.375,8,3.8898
98499,3.0,1.0,"Fearless Hyena, The (Xiao quan guai zhao)",Action|Comedy,1979,3.0,2,3.418
98503,3.0,1.0,Half a Loaf of Kung Fu (Dian zhi gong fu gan chian chan),Action|Comedy,1980,3.0,1,3.456
98585,3.0,1.0,Hitchcock,Drama,2012,3.5,5,3.501
98623,3.0,1.0,Winners and Sinners (Qi mou miao ji: Wu fu xing),Action|Comedy|Crime,1983,3.0,2,3.418
99532,3.0,1.0,"Misérables, Les",Drama|Romance,2000,2.25,2,3.293
99574,3.0,1.0,Promised Land,Drama,2012,3.0,1,3.456
99638,3.0,1.0,Fish Story (Fisshu sutôrî),Comedy,2009,3.0,1,3.456
99813,3.0,1.0,"Batman: The Dark Knight Returns, Part 2",Action|Animation,2013,3.875,8,3.6675
99846,3.0,1.0,Everything or Nothing: The Untold Story of 007,Documentary,2012,3.0,1,3.456
99917,3.0,1.0,Upstream Color,Romance|Sci-Fi|Thriller,2013,3.1667,3,3.4243
99992,3.0,1.0,Shadow Dancer,Crime|Drama|Thriller,2012,3.0,1,3.456
100304,3.0,1.0,"Liability, The",Action|Thriller,2012,3.0,1,3.456
101423,3.0,1.0,Mezzo Forte,Action|Animation|Comedy,1998,3.0,1,3.456
101525,3.0,1.0,"Place Beyond the Pines, The",Crime|Drama,2012,3.5,5,3.501
102033,3.0,1.0,Pain & Gain,Action|Comedy|Crime,2013,3.2,5,3.401
102481,3.0,1.0,"Internship, The",Comedy,2013,3.55,10,3.5258
102590,3.0,1.0,Darkon,Documentary|Fantasy,2006,3.0,1,3.456
102819,3.0,1.0,Behind the Candelabra,Drama,2013,3.0,1,3.456
102852,3.0,1.0,With Great Power: The Stan Lee Story,Documentary,2012,3.0,1,3.456
103027,3.0,1.0,Much Ado About Nothing,Comedy|Drama|Romance,2012,3.0,1,3.456
103335,3.0,1.0,Despicable Me 2,Animation|Children|Comedy|IMAX,2013,3.5789,19,3.5523
103819,3.0,1.0,Coffee Town,Comedy,2013,2.25,2,3.293
103980,3.0,1.0,Blue Jasmine,Drama,2013,3.375,4,3.4654
105254,3.0,1.0,Crystal Fairy & the Magical Cactus and 2012,Adventure|Comedy,2013,3.5,2,3.5013
105720,3.0,1.0,"Thief of Paris, The (Le voleur)",Comedy|Crime|Drama,1967,3.0,1,3.456
105954,3.0,1.0,All Is Lost,Action|Adventure|Drama,2013,3.625,4,3.5368
106489,3.0,1.0,"Hobbit: The Desolation of Smaug, The",Adventure|Fantasy|IMAX,2013,3.58,25,3.5576
109895,3.0,1.0,Bad Words,Comedy,2013,2.0,3,3.1551
110297,3.0,1.0,Muppets Most Wanted,Adventure|Comedy|Crime,2014,3.3333,3,3.4627
110501,3.0,1.0,The Raid 2: Berandal,Action|Crime|Thriller,2014,3.9286,7,3.6774
110882,3.0,1.0,Locke,Drama,2013,3.8333,3,3.5781
111795,3.0,1.0,Million Dollar Arm,Comedy|Drama,2014,3.0,1,3.456
113186,3.0,1.0,Felony,Thriller,2013,3.0,1,3.456
113225,3.0,1.0,Magic in the Moonlight,Comedy|Drama|Romance,2014,3.0,1,3.456
114060,3.0,1.0,The Drop,Crime|Drama|Thriller,2014,2.8333,3,3.3474
114074,3.0,1.0,The Skeleton Twins,Drama,2014,3.3333,3,3.4627
114627,3.0,1.0,Angel's Egg (Tenshi no tamago),Animation|Drama|Fantasy,1985,3.25,2,3.4596
115216,3.0,1.0,"Salvation, The",Drama|Western,2014,3.0,1,3.456
115819,3.0,1.0,Mr Hublot,Animation|Comedy,2013,3.0,1,3.456
116413,3.0,1.0,Life Partners,Comedy|Romance,2014,3.0,1,3.456
117511,3.0,1.0,Hello Ladies: The Movie,Comedy,2014,3.0,1,3.456
118354,3.0,1.0,Kill the Messenger,Crime|Drama|Mystery|Thriller,2014,3.0,1,3.456
118572,3.0,1.0,The Mule,Comedy|Crime|Drama,2014,3.5,2,3.5013
118696,3.0,1.0,The Hobbit: The Battle of the Five Armies,Adventure|Fantasy,2014,3.4167,18,3.447
118900,3.0,1.0,Wild,Drama,2014,2.9,5,3.301
118924,3.0,1.0,Top Five,Comedy,2014,3.0,2,3.418
119828,3.0,1.0,A Man Called Blade,Action|Drama|Thriller|Western,1977,3.0,1,3.456
120827,3.0,1.0,The Hound of the Baskervilles,Crime|Drama|Horror|Mystery,1988,3.0,1,3.456
123947,3.0,1.0,Cake,Drama,2014,2.75,2,3.3763
127204,3.0,1.0,The Overnight,Comedy,2015,3.75,2,3.543
128520,3.0,1.0,The Wedding Ringer,Comedy,2015,3.8,5,3.601
128852,3.0,1.0,Chris Rock: Bigger & Blacker,Comedy,1999,3.75,2,3.543
129354,3.0,1.0,Focus,Comedy|Crime|Drama|Romance,2015,3.25,10,3.3758
130576,3.0,1.0,Midnight Special,Drama|Sci-Fi,2015,2.375,4,3.1797
133419,3.0,1.0,Pitch Perfect 2,Comedy,2015,3.4444,9,3.4745
134368,3.0,1.0,Spy,Action|Comedy|Crime,2015,3.6875,16,3.616
136020,3.0,1.0,Spectre,Action|Adventure|Crime,2015,3.0588,17,3.2228
138702,3.0,1.0,Feast,Animation|Children|Comedy|Drama|Romance,2014,3.0,1,3.456
139415,3.0,1.0,Irrational Man,Crime|Drama,2015,3.0,1,3.456
139642,3.0,1.0,Southpaw,Action|Drama,2015,2.8333,6,3.251
139855,3.0,1.0,Anomalisa,Animation|Comedy|Fantasy,2015,3.25,2,3.4596
140725,3.0,1.0,Cop Car,Crime|Thriller,2015,3.5,2,3.5013
141866,3.0,1.0,Green Room,Crime|Horror|Thriller,2015,3.3333,3,3.4627
142222,3.0,1.0,Demolition,Drama,2016,3.125,4,3.394
142448,3.0,1.0,Everest,Adventure|Drama|Thriller,2015,3.0833,6,3.3447
143245,3.0,1.0,The Little Prince,Animation|Fantasy,2015,2.25,2,3.293
143859,3.0,1.0,"Hail, Caesar!",Comedy,2016,2.8125,8,3.1953
145150,3.0,1.0,The Dressmaker,Comedy|Drama|Thriller,2015,3.0,1,3.456
148482,3.0,1.0,Truth,Drama,2015,3.0,1,3.456
148592,3.0,1.0,Just Jim,Comedy,2015,3.0,1,3.456
149406,3.0,1.0,Kung Fu Panda 3,Action|Adventure|Animation,2016,3.375,8,3.4453
150401,3.0,1.0,Close Range,Action|Crime,2015,3.0,2,3.418
151777,3.0,1.0,The Finest Hours,Drama|Thriller,2016,3.0,1,3.456
152083,3.0,1.0,Whiskey Tango Foxtrot,Comedy|War,2016,3.3333,3,3.4627
153236,3.0,1.0,Genius Party,Animation,2007,3.0,1,3.456
156609,3.0,1.0,Neighbors 2: Sorority Rising,Comedy,2016,2.6,5,3.201
157122,3.0,1.0,The Man Who Knew Infinity,Drama,2016,3.0,1,3.456
158874,3.0,1.0,Karate Bullfighter,Action|Drama,1975,3.0,1,3.456
159061,3.0,1.0,The Wailing,Mystery|Thriller,2016,3.0,1,3.456
159193,3.0,1.0,Café Society,Comedy|Drama|Romance,2016,3.0,1,3.456
159403,3.0,1.0,Neo Tokyo,Adventure|Animation|Fantasy|Horror|Sci-Fi,1987,3.0,1,3.456
159817,3.0,1.0,Planet Earth,Documentary,2006,4.2143,7,3.795
160573,3.0,1.0,Pete's Dragon,Adventure|Children|Fantasy,2016,3.0,1,3.456
161044,3.0,1.0,Webmaster,Sci-Fi,1998,3.0,1,3.456
168248,3.0,1.0,John Wick: Chapter Two,Action|Crime|Thriller,2017,4.1429,7,3.7656
168250,3.0,1.0,Get Out,Horror,2017,3.6333,15,3.5806
168492,3.0,1.0,Call Me by Your Name,Drama|Romance,2017,3.75,4,3.5725
168608,3.0,1.0,Mudbound,Drama,2017,3.0,1,3.456
171695,3.0,1.0,Robin Williams: Live on Broadway,Comedy,2002,3.0,1,3.456
172229,3.0,1.0,Plain Clothes,Comedy|Mystery|Romance|Thriller,1988,3.0,1,3.456
172253,3.0,1.0,The Night Before,Comedy,1988,3.0,1,3.456
173291,3.0,1.0,Valerian and the City of a Thousand Planets,Action|Adventure|Sci-Fi,2017,2.875,4,3.3225
174727,3.0,1.0,Good Time,Crime|Drama,2017,3.0,1,3.456
180297,3.0,1.0,The Disaster Artist,Comedy|Drama,2017,3.75,2,3.543
183301,3.0,1.0,The Tale of the Bunny Picnic,Children,1986,3.0,1,3.456
4238,2.997,4.0,Along Came a Spider,Action|Crime|Mystery|Thriller,2001,3.1471,17,3.2784
36509,2.997,2.0,"Cave, The",Action|Adventure|Horror|Mystery|Sci-Fi|Thriller,2005,2.6667,3,3.3089
1672,2.995,4.0,"Rainmaker, The",Drama,1997,3.375,12,3.4325
58803,2.992,2.0,21,Crime|Drama|Romance|Thriller,2008,3.75,18,3.6613
46322,2.991,3.0,Jet Li's Fearless (Huo Yuan Jia),Action|Drama,2006,3.125,8,3.3342
32291,2.989,3.0,Melinda and Melinda,Comedy|Drama,2004,3.1,5,3.3677
2051,2.985,2.0,Herbie Goes to Monte Carlo,Adventure|Children|Comedy,1977,2.3333,3,3.232
1083,2.983,3.0,"Great Race, The",Comedy|Musical,1965,3.3333,6,3.4385
2463,2.983,3.0,Ruthless People,Comedy,1986,3.3214,14,3.3965
7646,2.983,2.0,Rose Red,Horror|Mystery|Thriller,2002,3.0,2,3.418
4727,2.982,2.0,Captain Corelli's Mandolin,Drama|Romance|War,2001,3.125,4,3.394
6979,2.98,6.0,WarGames,Drama|Sci-Fi|Thriller,1983,3.3095,21,3.3715
34437,2.979,4.0,Broken Flowers,Comedy|Drama,2005,3.4762,21,3.4844
4876,2.978,3.0,Thirteen Ghosts (a.k.a. Thir13en Ghosts),Horror|Thriller,2001,2.4583,12,2.9325
4005,2.975,4.0,"Living Daylights, The",Action|Adventure|Thriller,1987,3.2917,12,3.3871
2567,2.973,7.0,EDtv,Comedy,1999,2.9737,19,3.1557
84772,2.972,3.0,Paul,Adventure|Comedy|Sci-Fi,2011,3.2,15,3.3206
3213,2.97,3.0,Batman: Mask of the Phantasm,Animation|Children,1993,4.1154,13,3.8485
2560,2.968,2.0,Ravenous,Horror|Thriller,1999,3.0,8,3.2786
728,2.965,2.0,Cold Comfort Farm,Comedy,1995,3.5,10,3.5008
1081,2.965,2.0,Victor/Victoria,Comedy|Musical|Romance,1982,3.5417,12,3.5234
2594,2.965,2.0,Open Your Eyes (Abre los ojos),Drama|Romance|Sci-Fi|Thriller,1997,3.75,10,3.6258
4427,2.965,2.0,"Lion in Winter, The",Drama,1968,3.6667,9,3.5798
7624,2.965,2.0,School Ties,Drama,1992,2.75,6,3.2197
102407,2.965,2.0,"Great Gatsby, The",Drama,2013,3.375,20,3.4172
3235,2.956,2.0,Where the Buffalo Roam,Comedy,1980,3.6667,3,3.5397
45081,2.956,2.0,Silent Hill,Fantasy|Horror|Thriller,2006,2.9583,12,3.2053
79274,2.956,2.0,Batman: Under the Red Hood,Action|Animation,2010,3.6667,3,3.5397
1057,2.952,2.0,Everyone Says I Love You,Comedy|Musical|Romance,1996,3.4667,15,3.4806
64285,2.952,2.0,Wallace and Gromit in 'A Matter of Loaf and Death',Animation|Comedy,2008,3.7,5,3.5677
3355,2.951,5.0,"Ninth Gate, The",Fantasy|Horror|Mystery|Thriller,1999,3.2,15,3.3206
76,2.951,2.0,Screamers,Action|Sci-Fi|Thriller,1995,3.4,15,3.4406
3598,2.951,2.0,Hamlet,Crime|Drama|Romance|Thriller,2000,3.0,3,3.3858
6330,2.951,2.0,People I Know,Crime|Drama,2002,3.0,2,3.418
26778,2.942,3.0,Ladybugs,Comedy,1992,3.0,3,3.3858
6707,2.938,2.0,Cabin Fever,Horror|Thriller,2002,2.875,8,3.2231
1951,2.929,2.0,Oliver!,Drama|Musical,1968,3.5714,7,3.5303
4113,2.929,2.0,"Glass Menagerie, The",Drama,1987,3.0,2,3.418
5450,2.929,2.0,Lovely & Amazing,Comedy|Drama|Romance,2001,3.2,5,3.401
26662,2.929,2.0,Kiki's Delivery Service (Majo no takkyûbin),Adventure|Animation|Children|Drama|Fantasy,1989,4.0588,17,3.8524
354,2.919,2.0,Cobb,Drama,1994,3.3333,6,3.4385
2841,2.902,3.0,Stir of Echoes,Horror|Mystery|Thriller,1999,3.5278,18,3.5184
2431,2.878,4.0,Patch Adams,Comedy|Drama,1998,3.3704,27,3.4058
2352,2.865,3.0,"Big Chill, The",Comedy|Drama,1983,3.84,25,3.7433
8957,2.864,4.0,Saw,Horror|Mystery|Thriller,2004,3.1818,33,3.2562
6217,2.854,2.0,"Safety of Objects, The",Drama,2001,3.0,2,3.418
26152,2.848,3.0,Batman,Action|Adventure|Comedy,1966,3.0,5,3.3344
7004,2.846,5.0,Kindergarten Cop,Action|Comedy|Crime|Thriller,1990,2.8824,17,3.1117
69,2.846,4.0,Friday,Comedy,1995,3.775,20,3.6839
2860,2.838,3.0,Blue Streak,Comedy,1999,2.6111,9,3.0798
3959,2.838,3.0,"Time Machine, The",Action|Adventure|Sci-Fi,1960,3.625,8,3.5564
95875,2.837,2.0,Total Recall,Action|Sci-Fi|Thriller,2012,3.1875,8,3.362
1665,2.835,3.0,Bean,Comedy,1997,2.9688,16,3.1737
522,2.834,3.0,Romper Stomper,Action|Drama,1992,3.2857,7,3.4127
4709,2.829,3.0,Paint Your Wagon,Comedy|Musical|Western,1969,2.8333,3,3.3474
2273,2.825,6.0,Rush Hour,Action|Comedy|Crime|Thriller,1998,3.2619,42,3.308
4489,2.823,6.0,Coming to America,Comedy|Romance,1988,3.4583,24,3.471
783,2.82,3.0,"Hunchback of Notre Dame, The",Animation|Children|Drama|Musical|Romance,1996,3.3298,47,3.3599
1835,2.82,3.0,City of Angels,Drama|Fantasy|Romance,1998,3.3824,17,3.4265
2517,2.818,3.0,Christine,Horror,1983,2.95,10,3.2258
6857,2.816,4.0,Ninja Scroll (Jûbei ninpûchô),Action|Adventure|Animation|Fantasy,1995,3.7692,13,3.6529
8984,2.811,8.0,Ocean's Twelve,Action|Comedy|Crime|Thriller,2004,3.2907,43,3.3305
5530,2.811,3.0,Simone (S1m0ne),Comedy|Drama|Fantasy|Sci-Fi,2002,2.1429,7,2.9421
6290,2.808,3.0,House of 1000 Corpses,Horror,2003,2.7143,7,3.1774
1588,2.806,5.0,George of the Jungle,Children|Comedy,1997,3.075,20,3.2172
932,2.806,2.0,"Affair to Remember, An",Drama|Romance,1957,3.9375,8,3.6953
93326,2.802,2.0,This Means War,Action|Comedy|Romance,2012,2.6364,11,3.0484
103249,2.802,2.0,World War Z,Action|Drama|Horror|IMAX,2013,3.0263,19,3.1902
3176,2.791,7.0,"Talented Mr. Ripley, The",Drama|Mystery|Thriller,1999,3.3367,49,3.3647
91094,2.788,3.0,"Muppets, The",Children|Comedy|Musical,2011,2.6,10,3.0508
1367,2.785,5.0,101 Dalmatians,Adventure|Children|Comedy,1996,3.0745,47,3.1494
2418,2.785,3.0,Nothing in Common,Comedy,1986,2.75,6,3.2197
3016,2.784,3.0,Creepshow,Horror,1982,3.0714,14,3.2507
5582,2.78,4.0,Captain Ron,Adventure|Comedy,1992,2.6875,8,3.1398
8169,2.774,2.0,*batteries not included,Children|Comedy|Fantasy|Sci-Fi,1987,3.2857,7,3.4127
92008,2.774,2.0,Haywire,Action|Thriller,2011,2.8333,3,3.3474
103772,2.774,2.0,"Wolverine, The",Action|Adventure|Fantasy|Sci-Fi,2013,3.375,16,3.4237
111360,2.774,2.0,Lucy,Action|Sci-Fi,2014,2.8214,14,3.1048
112171,2.774,2.0,"Equalizer, The",Action|Crime|Thriller,2014,3.2778,9,3.3956
116799,2.774,2.0,Inherent Vice,Comedy|Crime|Drama|Mystery|Romance,2014,3.6667,6,3.5635
135569,2.774,2.0,Star Trek Beyond,Action|Adventure|Sci-Fi,2016,3.4667,15,3.4806
801,2.769,2.0,Harriet the Spy,Children|Comedy,1996,3.1364,11,3.3103
45442,2.769,2.0,Poseidon,Action|Adventure|Thriller|IMAX,2006,2.875,4,3.3225
3502,2.768,2.0,My Life,Drama,1993,3.5,3,3.5012
60514,2.764,2.0,Journey to the Center of the Earth,Action|Adventure|Sci-Fi,2008,2.5,5,3.1677
934,2.757,2.0,Father of the Bride,Comedy,1950,3.25,12,3.3643
8977,2.756,2.0,Alexander,Action|Adventure|Drama|War,2004,2.2,10,2.8508
2205,2.754,2.0,Mr. & Mrs. Smith,Comedy|Romance,1941,2.875,4,3.3225
362,2.752,2.0,"Jungle Book, The",Adventure|Children|Romance,1994,3.5294,34,3.5231
1702,2.752,2.0,Flubber,Children|Comedy|Fantasy,1997,3.0,16,3.1929
6058,2.752,2.0,Final Destination 2,Horror|Thriller,2003,3.05,10,3.2758
4368,2.748,2.0,Dr. Dolittle 2,Comedy,2001,2.3636,11,2.9055
2505,2.747,3.0,8MM,Drama|Mystery|Thriller,1999,2.9444,18,3.1434
2016,2.747,2.0,"Apple Dumpling Gang Rides Again, The",Children|Comedy|Western,1979,2.875,4,3.3225
2312,2.747,2.0,Children of a Lesser God,Drama,1986,3.8333,12,3.6825
3971,2.747,2.0,"Private Eyes, The",Comedy|Mystery,1981,2.75,2,3.3763
1806,2.745,2.0,Paulie,Adventure|Children|Comedy,1998,2.3125,8,2.9731
2459,2.745,2.0,"Texas Chainsaw Massacre, The",Horror,1974,3.2692,13,3.3702
4480,2.745,2.0,"Blob, The",Horror|Sci-Fi,1988,2.8333,3,3.3474
27618,2.745,2.0,"Sound of Thunder, A",Action|Adventure|Drama|Sci-Fi|Thriller,2005,2.75,2,3.3763
45668,2.745,2.0,"Lake House, The",Drama|Fantasy|Romance,2006,3.1,10,3.3008
2520,2.744,2.0,Airport,Drama,1970,2.1667,3,3.1935
2112,2.742,2.0,Grand Canyon,Crime|Drama,1991,3.1875,8,3.362
59501,2.736,2.0,"Chronicles of Narnia: Prince Caspian, The",Adventure|Children|Fantasy,2008,3.5417,12,3.5234
56775,2.735,2.0,National Treasure: Book of Secrets,Action|Adventure,2007,3.0417,24,3.1769
371,2.732,2.0,"Paper, The",Comedy|Drama,1994,3.3095,21,3.3715
7015,2.732,2.0,Only the Lonely,Comedy|Romance,1991,3.1667,3,3.4243
901,2.73,2.0,Funny Face,Comedy|Musical,1957,3.0,7,3.295
3342,2.73,2.0,Birdy,Drama|War,1984,3.5,5,3.501
4443,2.73,2.0,Outland,Action|Sci-Fi|Thriller,1981,2.75,2,3.3763
95449,2.73,2.0,Magic Mike,Drama|Romance,2012,2.7,5,3.2344
42725,2.728,2.0,Grandma's Boy,Comedy,2006,2.5714,7,3.1186
37830,2.727,2.0,Final Fantasy VII: Advent Children,Action|Adventure|Animation|Fantasy|Sci-Fi,2004,3.55,10,3.5258
2829,2.726,2.0,"Muse, The",Comedy,1999,3.0714,7,3.3245
3764,2.726,2.0,F/X2 (a.k.a. F/X 2 - The Deadly Art of Illusion),Action|Crime|Thriller,1991,2.3,5,3.101
7101,2.726,2.0,Doc Hollywood,Comedy|Romance,1991,3.0,6,3.3135
122892,2.726,2.0,Avengers: Age of Ultron,Action|Adventure|Sci-Fi,2015,3.5185,27,3.5139
122920,2.726,2.0,Captain America: Civil War,Action|Sci-Fi|Thriller,2016,3.6136,22,3.5786
1385,2.722,2.0,Under Siege,Action|Drama|Thriller,1992,2.8542,24,3.0446
7046,2.721,4.0,"Witches of Eastwick, The",Comedy|Fantasy|Horror|Thriller,1987,2.5,11,2.9769
3409,2.703,6.0,Final Destination,Drama|Thriller,2000,2.9286,35,3.0559
3624,2.702,7.0,Shanghai Noon,Action|Adventure|Comedy|Western,2000,3.1512,43,3.2173
92420,2.698,2.0,Chronicle,Action|Sci-Fi|Thriller,2012,3.375,8,3.4453
237,2.697,2.0,Forget Paris,Comedy|Romance,1995,3.3409,22,3.3911
1006,2.697,2.0,"Chamber, The",Drama,1996,3.5,5,3.501
7019,2.697,2.0,Project X,Comedy|Drama,1987,2.75,2,3.3763
1586,2.694,3.0,G.I. Jane,Action|Drama,1997,2.7955,22,3.0161
1646,2.692,4.0,RocketMan (a.k.a. Rocket Man),Children|Comedy|Romance|Sci-Fi,1997,2.1429,7,2.9421
4989,2.684,2.0,How High,Comedy,2001,2.9444,9,3.2377
6005,2.684,2.0,Blue Collar Comedy Tour: The Movie,Comedy|Documentary,2003,3.0,3,3.3858
7117,2.684,2.0,Leprechaun,Comedy|Horror,1993,2.3,5,3.101
27311,2.684,2.0,Batman Beyond: Return of the Joker,Action|Animation|Crime|Sci-Fi|Thriller,2000,3.5,3,3.5012
75985,2.684,2.0,Repo Men,Action|Sci-Fi|Thriller,2010,3.5,6,3.501
520,2.681,9.0,Robin Hood: Men in Tights,Comedy,1993,3.1304,69,3.1774
27478,2.678,2.0,Ali G Indahouse,Comedy,2002,3.0,3,3.3858
1566,2.677,3.0,Hercules,Adventure|Animation|Children|Comedy|Musical,1997,3.4516,31,3.4638
8969,2.673,3.0,Bridget Jones: The Edge of Reason,Comedy|Drama|Romance,2004,3.025,20,3.1839
3156,2.672,3.0,Bicentennial Man,Drama|Romance|Sci-Fi,1999,2.8,15,3.0806
3943,2.672,2.0,Bamboozled,Comedy,2000,2.9375,8,3.2509
203,2.67,3.0,"To Wong Foo, Thanks for Everything! Julie Newmar",Comedy,1995,3.4318,22,3.4536
1359,2.667,3.0,Jingle All the Way,Children|Comedy,1996,2.8611,18,3.0898
2142,2.667,3.0,"American Tail: Fievel Goes West, An",Adventure|Animation|Children|Musical|Western,1991,2.7,10,3.1008
26870,2.66,3.0,Major League II,Comedy,1994,2.6667,3,3.3089
2150,2.659,3.0,"Gods Must Be Crazy, The",Adventure|Comedy,1980,3.8929,28,3.7899
1713,2.658,3.0,Mouse Hunt,Children|Comedy,1997,3.0714,7,3.3245
31878,2.65,3.0,Kung Fu Hustle (Gong fu),Action|Comedy,2004,3.5789,19,3.5523
3439,2.645,4.0,Teenage Mutant Ninja Turtles II: The Secret of the Ooze,Action|Children|Fantasy,1991,2.6923,13,3.0442
4544,2.645,4.0,Short Circuit 2,Comedy|Sci-Fi,1988,2.9,5,3.301
1019,2.638,3.0,"20,000 Leagues Under the Sea",Adventure|Drama|Sci-Fi,1954,3.4706,17,3.4821
1461,2.63,3.0,Vegas Vacation (National Lampoon's Las Vegas Vacation),Comedy,1997,2.3125,8,2.9731
376,2.624,4.0,"River Wild, The",Action|Thriller,1994,3.25,40,3.3003
2805,2.623,4.0,Mickey Blue Eyes,Comedy|Romance,1999,3.0,23,3.152
317,2.603,8.0,"Santa Clause, The",Comedy|Drama|Fantasy,1994,3.2037,81,3.2364
4700,2.601,4.0,"Princess Diaries, The",Children|Comedy|Romance,2001,3.037,27,3.1626
4719,2.597,3.0,Osmosis Jones,Action|Animation|Comedy|Crime|Drama|Romance|Thriller,2001,2.625,8,3.112
818,2.596,4.0,"Very Brady Sequel, A",Comedy,1996,3.25,10,3.3758
1603,2.595,5.0,Mimic,Horror|Sci-Fi|Thriller,1997,2.4615,13,2.9137
20,2.594,3.0,Money Train,Action|Comedy|Crime|Drama|Thriller,1995,2.5,15,2.9006
4133,2.589,3.0,Masters of the Universe,Action|Adventure|Fantasy|Sci-Fi,1987,2.5625,8,3.0842
4025,2.585,8.0,Miss Congeniality,Comedy|Crime,2000,3.0547,64,3.1151
114762,2.57,2.0,Two Night Stand,Comedy|Romance,2014,2.8333,3,3.3474
1432,2.569,4.0,Metro,Action|Comedy|Crime|Drama|Thriller,1997,2.7143,7,3.1774
101864,2.548,2.0,Oblivion,Action|Adventure|Sci-Fi|IMAX,2013,3.3,20,3.3672
3979,2.547,7.0,Little Nicky,Comedy,2000,2.5,24,2.7946
1226,2.535,2.0,"Quiet Man, The",Drama|Romance,1952,3.5,6,3.501
68554,2.535,2.0,Angels & Demons,Crime|Drama|Mystery|Thriller,2009,3.2647,17,3.3524
1703,2.511,3.0,For Richer or Poorer,Comedy,1997,2.9,5,3.301
8614,2.508,3.0,Overboard,Comedy|Romance,1987,3.0,6,3.3135
5462,2.507,2.0,"Crocodile Hunter: Collision Course, The",Adventure|Comedy,2002,2.5,2,3.3346
3988,2.502,5.0,How the Grinch Stole Christmas (a.k.a. The Grinch),Children|Comedy|Fantasy,2000,3.0455,33,3.1515
2042,2.502,2.0,D2: The Mighty Ducks,Children|Comedy,1994,2.5833,6,3.1572
7573,2.5,3.0,Never Say Never Again,Action|Adventure|Thriller,1983,3.125,8,3.3342
45726,2.5,3.0,"You, Me and Dupree",Comedy,2006,2.1667,6,3.001
1858,2.5,2.0,Mr. Nice Guy (Yat goh ho yan),Action|Comedy,1997,2.5625,8,3.0842
5312,2.5,2.0,Murder by Numbers,Crime|Thriller,2002,2.8571,7,3.2362
5942,2.5,2.0,"Hot Chick, The",Comedy,2002,2.8333,6,3.251
6484,2.5,2.0,Hollywood Homicide,Action|Crime|Drama,2003,2.9286,7,3.2656
7449,2.5,2.0,Godsend,Drama|Horror|Thriller,2004,2.5,2,3.3346
31427,2.5,2.0,Hide and Seek,Horror|Mystery|Thriller,2005,2.3333,6,3.0635
61,2.5,1.0,Eye for an Eye,Drama|Thriller,1996,3.75,6,3.5947
82,2.5,1.0,Antonia's Line (Antonia),Comedy|Drama,1995,3.875,8,3.6675
164,2.5,1.0,Devil in a Blue Dress,Crime|Film-Noir|Mystery|Thriller,1995,3.3214,14,3.3965
229,2.5,1.0,Death and the Maiden,Drama|Thriller,1994,3.4286,7,3.4715
360,2.5,1.0,I Love Trouble,Action|Comedy,1994,2.6875,8,3.1398
381,2.5,1.0,When a Man Loves a Woman,Drama|Romance,1994,3.8182,11,3.6674
405,2.5,1.0,Highlander III: The Sorcerer (a.k.a. Highlander: The Final Dimension),Action|Fantasy,1994,2.4167,12,2.9098
430,2.5,1.0,Calendar Girl,Comedy|Drama,1993,3.75,2,3.543
478,2.5,1.0,Jimmy Hollywood,Comedy|Crime|Drama,1994,2.5,1,3.4105
547,2.5,1.0,Surviving the Game,Action|Adventure|Thriller,1994,3.25,2,3.4596
613,2.5,1.0,Jane Eyre,Drama|Romance,1996,3.1875,8,3.362
627,2.5,1.0,"Last Supper, The",Drama|Thriller,1995,3.3333,6,3.4385
631,2.5,1.0,All Dogs Go to Heaven 2,Adventure|Animation|Children|Fantasy|Musical|Romance,1996,3.1818,11,3.3341
725,2.5,1.0,"Great White Hype, The",Comedy,1996,2.5,5,3.1677
781,2.5,1.0,Stealing Beauty,Drama,1996,3.5,7,3.5009
935,2.5,1.0,"Band Wagon, The",Comedy|Musical,1953,3.8333,3,3.5781
938,2.5,1.0,Gigi,Musical,1958,3.25,6,3.4072
1034,2.5,1.0,Freeway,Comedy|Crime|Drama|Thriller,1996,3.1,5,3.3677
1096,2.5,1.0,Sophie's Choice,Drama,1982,4.05,10,3.7758
1348,2.5,1.0,"Nosferatu (Nosferatu, eine Symphonie des Grauens)",Horror,1922,3.5312,16,3.5198
1352,2.5,1.0,Albino Alligator,Crime|Thriller,1996,2.25,2,3.293
1363,2.5,1.0,"Preacher's Wife, The",Drama,1996,3.5,5,3.501
1398,2.5,1.0,In Love and War,Romance|War,1996,2.5,1,3.4105
1623,2.5,1.0,Wishmaster,Horror,1997,2.25,2,3.293
1772,2.5,1.0,Blues Brothers 2000,Action|Comedy|Musical,1998,2.7083,12,3.0689
2107,2.5,1.0,Halloween H20: 20 Years Later (Halloween 7: The Revenge of Laurie Strode),Horror|Thriller,1998,3.0,3,3.3858
2281,2.5,1.0,Monument Ave.,Action|Crime|Drama,1998,2.5,1,3.4105
2292,2.5,1.0,Overnight Delivery,Comedy|Romance,1998,2.5,1,3.4105
2354,2.5,1.0,"Rugrats Movie, The",Animation|Children|Comedy,1998,2.5,7,3.0892
2356,2.5,1.0,Celebrity,Comedy,1998,2.6,5,3.201
2377,2.5,1.0,Lifeforce,Horror|Sci-Fi,1985,2.5,5,3.1677
2439,2.5,1.0,Affliction,Drama,1997,3.1667,3,3.4243
2514,2.5,1.0,Pet Sematary II,Comedy|Horror,1992,1.8333,3,3.1166
2582,2.5,1.0,Twin Dragons (Shuang long hui),Action|Comedy,1992,3.0,3,3.3858
2597,2.5,1.0,Lost & Found,Comedy|Romance,1999,2.75,2,3.3763
2681,2.5,1.0,Free Enterprise,Comedy|Romance|Sci-Fi,1998,3.0,3,3.3858
2810,2.5,1.0,Perfect Blue,Animation|Horror|Mystery|Thriller,1997,4.2,5,3.7344
2879,2.5,1.0,Armour of God II: Operation Condor (Operation Condor) (Fei ying gai wak),Action|Adventure|Comedy,1991,3.2143,7,3.3833
2880,2.5,1.0,Armour of God (Long xiong hu di),Action|Adventure|Comedy,1987,3.0833,6,3.3447
2882,2.5,1.0,Jakob the Liar,Drama,1999,2.0,4,3.0725
2974,2.5,1.0,Bats,Horror|Thriller,1999,2.5,1,3.4105
3099,2.5,1.0,Shampoo,Comedy|Drama|Romance,1975,3.0714,7,3.3245
3240,2.5,1.0,"Big Tease, The",Comedy,1999,3.25,2,3.4596
3326,2.5,1.0,What Planet Are You From?,Comedy|Sci-Fi,2000,3.1667,3,3.4243
3420,2.5,1.0,...And Justice for All,Drama|Thriller,1979,3.1667,3,3.4243
3454,2.5,1.0,Whatever It Takes,Comedy|Romance,2000,2.25,2,3.293
3469,2.5,1.0,Inherit the Wind,Drama,1960,4.0833,6,3.7197
3501,2.5,1.0,Murphy's Romance,Comedy|Romance,1985,2.3,5,3.101
3557,2.5,1.0,Jennifer 8,Mystery|Thriller,1992,2.9,5,3.301
3669,2.5,1.0,Stay Tuned,Comedy,1992,2.5,1,3.4105
3700,2.5,1.0,"Brother from Another Planet, The",Drama|Sci-Fi,1984,2.5,1,3.4105
3714,2.5,1.0,Clara's Heart,Drama,1988,2.5,1,3.4105
3760,2.5,1.0,"Kentucky Fried Movie, The",Comedy,1977,3.5,3,3.5012
3830,2.5,1.0,Psycho Beach Party,Comedy|Horror|Thriller,2000,1.5,2,3.168
3889,2.5,1.0,Highlander: Endgame (Highlander IV),Action|Adventure|Fantasy,2000,2.25,6,3.0322
4006,2.5,1.0,Transformers: The Movie,Adventure|Animation|Children|Sci-Fi,1986,3.3571,7,3.4421
4024,2.5,1.0,"House of Mirth, The",Romance,2000,2.1667,3,3.1935
4155,2.5,1.0,Sweet November,Drama|Romance,2001,3.3125,8,3.4175
4189,2.5,1.0,"Greatest Story Ever Told, The",Drama,1965,2.5,1,3.4105
4224,2.5,1.0,Exit Wounds,Action|Thriller,2001,2.75,2,3.3763
4285,2.5,1.0,Frankie and Johnny,Comedy|Romance,1991,2.8333,3,3.3474
4316,2.5,1.0,Ice Castles,Drama,1978,2.0,2,3.2513
4383,2.5,1.0,"Crimson Rivers, The (Rivières pourpres, Les)",Crime|Drama|Mystery|Thriller,2000,3.5,5,3.501
4392,2.5,1.0,Alice,Comedy|Drama|Fantasy|Romance,1990,3.0,3,3.3858
4440,2.5,1.0,"Big Boss, The (Fists of Fury) (Tang shan da xiong)",Action|Thriller,1971,3.75,2,3.543
4442,2.5,1.0,"Last Dragon, The",Action|Comedy|Drama,1985,2.6667,3,3.3089
4568,2.5,1.0,Best of the Best,Action,1989,2.5,1,3.4105
4603,2.5,1.0,Her Alibi,Comedy|Romance,1989,2.5,1,3.4105
4632,2.5,1.0,"Package, The",Action|Thriller,1989,3.0,2,3.418
4670,2.5,1.0,"Stepfather, The",Horror|Thriller,1987,2.5,1,3.4105
4725,2.5,1.0,Session 9,Horror|Thriller,2001,3.625,4,3.5368
4770,2.5,1.0,"Glass House, The",Thriller,2001,2.75,2,3.3763
4862,2.5,1.0,Not Without My Daughter,Drama,1991,1.6667,3,3.0781
4928,2.5,1.0,That Obscure Object of Desire (Cet obscur objet du désir),Drama,1977,3.125,4,3.394
4953,2.5,1.0,"People That Time Forgot, The",Adventure|Sci-Fi,1977,2.5,1,3.4105
5007,2.5,1.0,Topkapi,Adventure|Comedy|Thriller,1964,2.5,1,3.4105
5021,2.5,1.0,Murder by Death,Comedy|Crime|Mystery|Thriller,1976,2.8333,3,3.3474
5069,2.5,1.0,Escaflowne: The Movie (Escaflowne),Action|Adventure|Animation|Drama|Fantasy,2000,3.25,2,3.4596
5127,2.5,1.0,Dragonfly,Drama|Fantasy|Mystery|Romance|Thriller,2002,3.5,3,3.5012
5268,2.5,1.0,No Such Thing,Drama|Fantasy|Romance,2001,2.5,1,3.4105
5319,2.5,1.0,Nine Queens (Nueve reinas),Crime|Thriller,2000,3.5,6,3.501
5801,2.5,1.0,"Russians Are Coming, the Russians Are Coming, The",Comedy|War,1966,2.5,1,3.4105
5804,2.5,1.0,"Santa Clause 2, The",Children|Comedy|Fantasy|Romance,2002,2.3,5,3.101
5875,2.5,1.0,Personal Velocity,Drama,2002,2.5,1,3.4105
5879,2.5,1.0,Eight Crazy Nights (Adam Sandler's Eight Crazy Nights),Animation|Comedy|Musical,2002,1.5,4,2.9297
6035,2.5,1.0,Pépé le Moko,Crime|Drama|Romance,1937,3.25,2,3.4596
6063,2.5,1.0,May,Drama|Horror,2002,3.3333,3,3.4627
6204,2.5,1.0,"Meteor Man, The",Comedy,1993,2.5,1,3.4105
6310,2.5,1.0,Memories of Me,Comedy|Drama,1988,2.5,1,3.4105
6324,2.5,1.0,It Runs in the Family,Comedy|Drama,2003,2.5,2,3.3346
6376,2.5,1.0,Respiro,Comedy|Drama,2002,3.5,2,3.5013
6586,2.5,1.0,American Wedding (American Pie 3),Comedy,2003,3.0938,16,3.2506
6603,2.5,1.0,"Double Life, A",Crime|Drama|Film-Noir,1947,2.5,1,3.4105
6625,2.5,1.0,Camp Nowhere,Adventure|Children|Comedy,1994,2.5,4,3.2154
6691,2.5,1.0,Dust,Drama|Western,2001,2.5,1,3.4105
6721,2.5,1.0,Once Upon a Time in China (Wong Fei Hung),Action|Adventure|Drama,1991,3.3571,7,3.4421
6722,2.5,1.0,Once Upon a Time in China II (Wong Fei-hung Ji Yi: Naam yi dong ji keung),Action|Romance,1992,2.5,1,3.4105
6732,2.5,1.0,"Hello, Dolly!",Comedy|Musical|Romance,1969,3.75,2,3.543
6744,2.5,1.0,Once Bitten,Comedy|Horror,1985,2.25,4,3.144
6882,2.5,1.0,Returner (Ritaanaa),Action|Adventure|Sci-Fi,2002,2.5,1,3.4105
6959,2.5,1.0,Timeline,Action|Adventure|Sci-Fi,2003,2.0,3,3.1551
6999,2.5,1.0,Housesitter,Comedy|Romance,1992,2.25,2,3.293
7018,2.5,1.0,Presumed Innocent,Crime|Drama|Thriller,1990,3.9,5,3.6344
7030,2.5,1.0,Radio Flyer,Drama,1992,2.75,2,3.3763
7041,2.5,1.0,Trapped in Paradise,Comedy|Crime,1994,2.5,1,3.4105
7047,2.5,1.0,Year of the Dragon,Action|Crime|Drama,1985,2.5,1,3.4105
7073,2.5,1.0,"Shot in the Dark, A",Comedy|Crime|Mystery,1964,2.5,1,3.4105
7078,2.5,1.0,Jezebel,Drama,1938,3.8333,3,3.5781
7079,2.5,1.0,"Hunchback of Notre Dame, The",Drama,1939,3.5,2,3.5013
7124,2.5,1.0,Grass,Documentary,1999,3.1667,3,3.4243
7154,2.5,1.0,Mona Lisa Smile,Drama|Romance,2003,2.8,10,3.1508
7223,2.5,1.0,D.O.A.,Drama|Film-Noir|Mystery,1950,2.5,1,3.4105
7305,2.5,1.0,Black Widow,Crime|Drama|Mystery|Thriller,1987,2.5,2,3.3346
7307,2.5,1.0,Flesh & Blood,Action|Adventure|Drama|War,1985,3.0,2,3.418
7414,2.5,1.0,Going in Style,Comedy|Drama,1979,2.5,1,3.4105
7448,2.5,1.0,Envy,Comedy,2004,2.75,4,3.2868
7846,2.5,1.0,Tremors 3: Back to Perfection,Comedy|Horror|Sci-Fi,2001,3.0,3,3.3858
8153,2.5,1.0,Lust for Life,Drama,1956,2.5,1,3.4105
8154,2.5,1.0,"Dolce Vita, La",Drama,1960,3.75,6,3.5947
8157,2.5,1.0,Jin Roh: The Wolf Brigade (Jin-Rô),Animation|Fantasy|Thriller,1998,3.5,5,3.501
8183,2.5,1.0,Educating Rita,Comedy|Drama,1983,3.1667,3,3.4243
8375,2.5,1.0,"Hunting of the President, The",Documentary,2004,2.5,1,3.4105
8380,2.5,1.0,Father Hood,Comedy,1993,2.5,1,3.4105
8382,2.5,1.0,Hello Again,Comedy,1987,2.5,1,3.4105
8446,2.5,1.0,Sands of Iwo Jima,Action|Drama|Romance|War,1949,2.5,1,3.4105
8500,2.5,1.0,Godzilla vs. Mechagodzilla (Gojira tai Mekagojira),Action|Horror|Sci-Fi,1974,2.5,1,3.4105
8695,2.5,1.0,"Bachelor and the Bobby-Soxer, The",Comedy,1947,3.0,3,3.3858
8714,2.5,1.0,Night and Day,Drama|Musical,1946,2.5,1,3.4105
8743,2.5,1.0,Biggles,Adventure|Fantasy|Sci-Fi,1986,3.0,2,3.418
8796,2.5,1.0,"Funny Thing Happened on the Way to the Forum, A",Comedy|Musical,1966,3.1,5,3.3677
8864,2.5,1.0,Mr. 3000,Comedy|Drama,2004,2.6667,3,3.3089
8905,2.5,1.0,1492: Conquest of Paradise,Adventure|Drama,1992,2.5,1,3.4105
8943,2.5,1.0,Being Julia,Comedy|Drama,2004,1.75,2,3.2096
26176,2.5,1.0,Titicut Follies,Documentary|Drama,1967,2.5,1,3.4105
26285,2.5,1.0,Dark Star,Comedy|Sci-Fi|Thriller,1974,2.5,1,3.4105
26365,2.5,1.0,Futureworld,Sci-Fi|Thriller,1976,2.5,1,3.4105
26542,2.5,1.0,Ewoks: The Battle for Endor,Adventure|Children|Fantasy|Sci-Fi,1985,3.0,2,3.418
26676,2.5,1.0,Almost an Angel,Comedy,1990,2.5,1,3.4105
26726,2.5,1.0,Dutch,Comedy,1991,2.5,1,3.4105
26745,2.5,1.0,Other People's Money,Comedy|Drama|Romance,1991,2.5,1,3.4105
26812,2.5,1.0,Barbarians at the Gate,Drama,1993,2.75,2,3.3763
26854,2.5,1.0,"Darkman II: Return of Durant, The",Action|Crime|Horror,1995,2.5,1,3.4105
26940,2.5,1.0,"Late Shift, The",Comedy,1996,2.5,1,3.4105
26947,2.5,1.0,Pusher,Crime|Thriller,1996,2.5,1,3.4105
26974,2.5,1.0,Gummo,Drama,1997,3.1667,3,3.4243
27105,2.5,1.0,Purgatory,Fantasy|Western,1999,2.5,1,3.4105
27193,2.5,1.0,Taxi 2,Action|Comedy,2000,3.875,4,3.6083
27441,2.5,1.0,Blood: The Last Vampire,Action|Animation|Horror,2000,3.25,2,3.4596
27473,2.5,1.0,American Psycho II: All American Girl,Comedy|Crime|Horror|Mystery|Thriller,2002,2.5,1,3.4105
27539,2.5,1.0,Undertaking Betty (Plots with a View),Comedy|Romance,2002,2.5,1,3.4105
27762,2.5,1.0,Comic Book: The Movie,Comedy,2004,2.5,1,3.4105
27830,2.5,1.0,"Bobby Jones, Stroke of Genius",Drama,2004,2.5,1,3.4105
31000,2.5,1.0,Sweet Liberty,Comedy,1986,2.5,1,3.4105
31049,2.5,1.0,Out Cold,Comedy|Thriller,1989,2.5,1,3.4105
31114,2.5,1.0,Imaginary Heroes,Comedy|Drama,2004,3.0,2,3.418
31921,2.5,1.0,"Seven-Per-Cent Solution, The",Adventure|Comedy|Crime|Drama|Mystery|Thriller,1976,2.5,1,3.4105
32442,2.5,1.0,Greedy,Comedy,1994,2.5,1,3.4105
32515,2.5,1.0,Walker,Adventure|Drama|War|Western,1987,2.5,1,3.4105
32596,2.5,1.0,Sahara,Action|Adventure|Comedy,2005,3.0714,7,3.3245
33085,2.5,1.0,"Amityville Horror, The",Horror|Thriller,2005,2.25,6,3.0322
33126,2.5,1.0,"Frisco Kid, The",Comedy|Western,1979,2.5,1,3.4105
33294,2.5,1.0,Vampire Hunter D,Animation|Fantasy|Horror,1985,2.5,1,3.4105
33629,2.5,1.0,Airborne,Adventure|Comedy,1993,2.5,1,3.4105
33669,2.5,1.0,"Sisterhood of the Traveling Pants, The",Adventure|Comedy|Drama,2005,3.0714,7,3.3245
33896,2.5,1.0,3 Extremes (Three... Extremes) (Saam gaang yi),Horror,2004,3.3333,3,3.4627
34532,2.5,1.0,"Skeleton Key, The",Drama|Horror|Mystery|Thriller,2005,3.0,4,3.3583
34811,2.5,1.0,Pusher II: With Blood on My Hands,Action|Crime|Drama|Thriller,2004,2.5,1,3.4105
37857,2.5,1.0,MirrorMask,Adventure|Children|Drama|Fantasy,2005,3.6111,9,3.5535
40148,2.5,1.0,Revolver,Crime|Drama|Thriller,2005,3.3571,7,3.4421
40946,2.5,1.0,Sarah Silverman: Jesus Is Magic,Comedy|Musical,2005,2.0,2,3.2513
41617,2.5,1.0,Havoc,Crime|Drama|Romance,2005,2.75,2,3.3763
42638,2.5,1.0,Grand Theft Parsons,Comedy|Drama,2003,2.5,1,3.4105
42943,2.5,1.0,Revolution,Adventure|Drama|War,1985,2.5,1,3.4105
43560,2.5,1.0,Nanny McPhee,Children|Comedy|Fantasy,2005,3.1667,6,3.376
44020,2.5,1.0,Ultimate Avengers,Action|Animation|Children|Sci-Fi,2006,2.75,2,3.3763
44238,2.5,1.0,Leprechaun 2,Comedy|Fantasy|Horror,1994,2.5,1,3.4105
44849,2.5,1.0,Renaissance,Action|Animation|Film-Noir|Sci-Fi|Thriller,2006,2.5,1,3.4105
45382,2.5,1.0,Down in the Valley,Drama|Romance,2005,3.25,2,3.4596
45648,2.5,1.0,Game 6,Comedy|Drama,2005,2.5,1,3.4105
45969,2.5,1.0,Career Opportunities,Comedy|Romance,1991,2.5,1,3.4105
46574,2.5,1.0,"OH in Ohio, The",Comedy,2006,2.5,1,3.4105
47261,2.5,1.0,"Night Listener, The",Fantasy|Mystery|Thriller,2006,2.8333,3,3.3474
47793,2.5,1.0,"Puffy Chair, The",Drama|Romance,2006,2.5,1,3.4105
47978,2.5,1.0,SherryBaby,Drama,2006,2.5,1,3.4105
48416,2.5,1.0,School for Scoundrels,Comedy|Crime,2006,2.5,1,3.4105
50912,2.5,1.0,"Paris, I Love You (Paris, je t'aime)",Romance,2006,2.9375,8,3.2509
51545,2.5,1.0,Pusher III: I'm the Angel of Death,Action|Comedy|Drama|Horror|Thriller,2005,2.5,1,3.4105
51903,2.5,1.0,I Think I Love My Wife,Comedy|Drama|Romance,2007,2.5,1,3.4105
52730,2.5,1.0,It's a Very Merry Muppet Christmas Movie,Children|Comedy,2002,1.5,2,3.168
55036,2.5,1.0,Gotti,Crime|Drama,1996,2.5,1,3.4105
55116,2.5,1.0,"Hunting Party, The",Action|Adventure|Comedy|Drama|Thriller,2007,2.6667,3,3.3089
55205,2.5,1.0,Interview,Drama,2007,2.5,1,3.4105
55294,2.5,1.0,Weirdsville,Comedy|Crime|Drama,2007,2.5,1,3.4105
55577,2.5,1.0,Saw IV,Crime|Horror|Thriller,2007,3.2,5,3.401
58107,2.5,1.0,Step Up 2 the Streets,Drama|Musical|Romance,2008,3.25,2,3.4596
58306,2.5,1.0,Mongol,Drama|War,2007,2.5,1,3.4105
58404,2.5,1.0,Justice League: The New Frontier,Action|Adventure|Animation|Fantasy|Sci-Fi,2008,2.75,2,3.3763
59016,2.5,1.0,Street Kings,Crime|Drama|Thriller,2008,2.5,1,3.4105
59333,2.5,1.0,Made of Honor,Comedy|Romance,2008,2.875,4,3.3225
59725,2.5,1.0,Sex and the City,Comedy|Romance,2008,2.4091,11,2.9293
60760,2.5,1.0,"X-Files: I Want to Believe, The",Drama|Mystery|Sci-Fi|Thriller,2008,2.875,4,3.3225
60803,2.5,1.0,"Little Drummer Boy, The",Animation|Children|Musical,1968,2.5,1,3.4105
60979,2.5,1.0,Batman: Gotham Knight,Action|Animation|Crime,2008,3.5,3,3.5012
61236,2.5,1.0,Waltz with Bashir (Vals im Bashir),Animation|Documentary|Drama|War,2008,3.0,5,3.3344
61289,2.5,1.0,Sukiyaki Western Django,Action|Western,2008,3.3333,3,3.4627
61705,2.5,1.0,Lakeview Terrace,Drama|Thriller,2008,3.0,2,3.418
63222,2.5,1.0,JCVD,Action|Drama|Thriller,2008,3.25,2,3.4596
66171,2.5,1.0,Push,Sci-Fi|Thriller,2009,3.0,2,3.418
67193,2.5,1.0,Duplicity,Crime|Romance|Thriller,2009,2.5,1,3.4105
69131,2.5,1.0,Killshot,Action|Crime|Drama|Thriller,2008,2.5,1,3.4105
69849,2.5,1.0,Roots,Drama|War,1977,3.1667,3,3.4243
69904,2.5,1.0,Open Water 2: Adrift,Drama|Thriller,2006,2.5,1,3.4105
70565,2.5,1.0,"Goods: Live Hard, Sell Hard, The",Comedy,2009,3.625,4,3.5368
70990,2.5,1.0,If These Walls Could Talk,Drama,1996,2.5,1,3.4105
71484,2.5,1.0,Metropia,Animation|Sci-Fi,2009,2.5,1,3.4105
71500,2.5,1.0,Trick 'r Treat,Comedy|Horror|Thriller,2007,2.5,1,3.4105
71823,2.5,1.0,"New York, I Love You",Drama|Romance,2009,3.5,4,3.5011
73569,2.5,1.0,Project A 2 ('A' gai wak juk jap),Action|Comedy|Crime,1987,3.75,2,3.543
74095,2.5,1.0,Wicked City (Yôjû toshi),Animation|Fantasy|Horror|Sci-Fi,1987,2.5,1,3.4105
77191,2.5,1.0,Death at a Funeral,Comedy,2010,3.25,2,3.4596
77201,2.5,1.0,Valhalla Rising,Action|Drama|War,2009,2.5,1,3.4105
77421,2.5,1.0,Cyrus,Comedy|Drama|Romance,2010,2.5,1,3.4105
77709,2.5,1.0,"Sky Crawlers, The (Sukai kurora)",Adventure|Animation|Drama,2008,2.5,1,3.4105
77800,2.5,1.0,Four Lions,Comedy|Drama,2010,4.0,5,3.6677
79259,2.5,1.0,Cherrybomb,Drama|Thriller,2009,2.5,1,3.4105
79590,2.5,1.0,"Rebound, The",Comedy|Romance,2009,2.5,1,3.4105
79895,2.5,1.0,"Extraordinary Adventures of Adèle Blanc-Sec, The",Action|Adventure|Fantasy|Mystery,2010,2.5,1,3.4105
80241,2.5,1.0,Going the Distance,Comedy|Romance,2010,3.1667,3,3.4243
80727,2.5,1.0,Middle Men,Comedy|Crime|Drama,2009,3.25,2,3.4596
80880,2.5,1.0,Stone,Drama|Thriller,2010,3.25,2,3.4596
82378,2.5,1.0,All Good Things,Drama|Mystery|Thriller,2010,3.75,2,3.543
82499,2.5,1.0,How Do You Know,Comedy|Drama|Romance,2010,2.6667,3,3.3089
82534,2.5,1.0,"Company Men, The",Drama,2010,2.5,1,3.4105
83086,2.5,1.0,Burlesque,Drama|Musical|Romance,2010,2.5,1,3.4105
83796,2.5,1.0,Anything for Her (Pour elle),Crime|Drama|Thriller,2008,2.5,1,3.4105
83910,2.5,1.0,"Dilemma, The",Comedy|Drama,2011,2.5,2,3.3346
84601,2.5,1.0,Unknown,Drama|Mystery|Thriller,2011,3.3333,6,3.4385
84615,2.5,1.0,Cedar Rapids,Comedy,2011,2.25,2,3.293
84950,2.5,1.0,Take Me Home Tonight,Comedy|Drama,2011,2.5,1,3.4105
85056,2.5,1.0,I Am Number Four,Action|Sci-Fi|Thriller|IMAX,2011,3.1,5,3.3677
85780,2.5,1.0,Family Guy Presents: It's a Trap,Animation|Comedy|Sci-Fi,2010,3.5833,6,3.5322
85796,2.5,1.0,Hobo with a Shotgun,Action|Adventure|Crime|Thriller,2011,2.375,4,3.1797
86593,2.5,1.0,African Cats,Adventure|Documentary,2011,2.5,1,3.4105
86644,2.5,1.0,"Fast Five (Fast and the Furious 5, The)",Action|Crime|Drama|Thriller|IMAX,2011,3.05,10,3.2758
88235,2.5,1.0,"Guard, The",Comedy|Crime,2011,3.625,4,3.5368
88593,2.5,1.0,"Yellow Sea, The (a.k.a. The Murderer) (Hwanghae)",Crime|Drama|Thriller,2010,2.5,1,3.4105
88697,2.5,1.0,SUBWAYStories: Tales from the Underground,Drama,1997,2.5,1,3.4105
88812,2.5,1.0,30 Minutes or Less,Action|Comedy|Crime,2011,2.6667,6,3.1885
89085,2.5,1.0,"Debt, The",Drama|Thriller,2011,2.5,1,3.4105
90249,2.5,1.0,Real Steel,Action|Drama|Sci-Fi|IMAX,2011,3.0,6,3.3135
90343,2.5,1.0,Footloose,Comedy|Drama|Musical,2011,2.75,2,3.3763
90471,2.5,1.0,Puncture,Drama,2011,3.0,2,3.418
90719,2.5,1.0,J. Edgar,Drama,2011,2.5,1,3.4105
91571,2.5,1.0,Coriolanus,Drama|Thriller,2011,2.5,1,3.4105
91935,2.5,1.0,Albatross,Drama,2011,2.5,1,3.4105
91981,2.5,1.0,Sacrifice (Zhao shi gu er),Drama,2010,2.5,1,3.4105
92048,2.5,1.0,"Whistleblower, The",Drama|Thriller,2010,3.25,2,3.4596
92507,2.5,1.0,Safe House,Action|Crime|Mystery|Thriller,2012,3.375,4,3.4654
92665,2.5,1.0,"For a Good Time, Call...",Comedy|Drama|Romance,2012,2.5,1,3.4105
92674,2.5,1.0,Janie Jones,Drama|Musical,2010,2.5,1,3.4105
93502,2.5,1.0,"Ledge, The",Drama|Thriller,2011,2.5,1,3.4105
94070,2.5,1.0,"Best Exotic Marigold Hotel, The",Comedy|Drama,2011,3.875,4,3.6083
94266,2.5,1.0,"Five-Year Engagement, The",Comedy|Romance,2012,2.5,4,3.2154
94494,2.5,1.0,96 Minutes,Drama|Thriller,2011,2.5,1,3.4105
94777,2.5,1.0,Men in Black III (M.III.B.) (M.I.B.³),Action|Comedy|Sci-Fi|IMAX,2012,3.2778,18,3.3577
94919,2.5,1.0,Inhale,Drama|Thriller,2010,2.5,1,3.4105
95067,2.5,1.0,"Thousand Words, A",Comedy|Drama,2012,2.8333,3,3.3474
95105,2.5,1.0,Madagascar 3: Europe's Most Wanted,Adventure|Animation|Children|Comedy|IMAX,2012,3.3889,9,3.4482
95583,2.5,1.0,Savages,Crime|Drama|Thriller,2012,2.75,2,3.3763
95744,2.5,1.0,2 Days in New York,Comedy,2012,2.5,1,3.4105
96530,2.5,1.0,Conception,Comedy|Romance,2011,2.5,1,3.4105
96655,2.5,1.0,Robot & Frank,Comedy|Drama|Sci-Fi,2012,3.0,3,3.3858
97225,2.5,1.0,Hotel Transylvania,Animation|Children|Comedy,2012,3.4091,11,3.4531
97836,2.5,1.0,Here Comes the Boom,Action|Comedy,2012,2.5714,7,3.1186
97860,2.5,1.0,Killing Them Softly,Crime|Drama|Thriller,2012,3.125,4,3.394
97950,2.5,1.0,"Man with the Iron Fists, The",Action|Adventure|Crime,2012,2.5,1,3.4105
98243,2.5,1.0,Rise of the Guardians,Adventure|Animation|Children|Fantasy|IMAX,2012,3.7917,12,3.6598
98697,2.5,1.0,"Money Money Money (L'aventure, c'est l'aventure)",Adventure|Comedy,1972,2.5,1,3.4105
98799,2.5,1.0,"Liar's Autobiography: The Untrue Story of Monty Python's Graham Chapman, A",Animation|Comedy,2012,2.5,1,3.4105
99007,2.5,1.0,Warm Bodies,Comedy|Horror|Romance,2013,3.5,14,3.5007
99106,2.5,1.0,"Guilt Trip, The",Comedy,2012,2.5,3,3.2704
99728,2.5,1.0,Gangster Squad,Action|Crime|Drama,2013,3.3333,3,3.4627
100326,2.5,1.0,Stand Up Guys,Comedy|Crime,2012,2.5,1,3.4105
101025,2.5,1.0,Jack the Giant Slayer,Adventure|Fantasy|IMAX,2013,2.2,5,3.0677
101283,2.5,1.0,"Incredible Burt Wonderstone, The",Comedy,2013,2.8333,3,3.3474
102686,2.5,1.0,"Hangover Part III, The",Comedy,2013,3.375,8,3.4453
102720,2.5,1.0,Epic,Adventure|Animation|Fantasy,2013,3.0,2,3.418
103221,2.5,1.0,Not Suitable for Children,Comedy|Romance,2012,2.5,1,3.4105
103245,2.5,1.0,Adam and Eve (National Lampoon's Adam & Eve),Comedy|Drama|Romance,2005,2.5,1,3.4105
103253,2.5,1.0,Elysium,Action|Drama|Sci-Fi|IMAX,2013,3.3125,16,3.3852
103755,2.5,1.0,Turbo,Adventure|Animation|Children|Comedy|Fantasy,2013,2.5,1,3.4105
104211,2.5,1.0,We're the Millers,Comedy|Crime,2013,3.7381,21,3.6618
104245,2.5,1.0,Planes,Adventure|Animation|Comedy,2013,3.0,2,3.418
104419,2.5,1.0,Justice League: Crisis on Two Earths,Action|Animation|Sci-Fi,2010,3.25,2,3.4596
104906,2.5,1.0,Austenland,Comedy|Romance,2013,3.1667,3,3.4243
104925,2.5,1.0,"Family, The",Action|Comedy|Crime,2013,3.5,3,3.5012
105213,2.5,1.0,Don Jon,Comedy|Drama|Romance,2013,3.125,8,3.3342
108188,2.5,1.0,Jack Ryan: Shadow Recruit,Action|Drama|Thriller|IMAX,2014,2.0,2,3.2513
108928,2.5,1.0,"Monuments Men, The",Action|Drama|War,2014,2.6667,6,3.1885
108945,2.5,1.0,RoboCop,Action|Crime|Sci-Fi|IMAX,2014,2.3333,6,3.0635
108949,2.5,1.0,"Art of the Steal, The",Crime,2013,3.3333,3,3.4627
109317,2.5,1.0,Someone Marry Barry,Comedy,2014,2.5,1,3.4105
110541,2.5,1.0,"Brain Smasher... A Love Story (Bouncer and the Lady, The)",Action|Comedy,1993,2.5,1,3.4105
110553,2.5,1.0,The Amazing Spider-Man 2,Action|Sci-Fi|IMAX,2014,2.6364,11,3.0484
110611,2.5,1.0,Cold in July,Drama|Thriller,2014,2.5,1,3.4105
110655,2.5,1.0,Rio 2,Adventure|Animation|Children|Comedy,2014,2.0,2,3.2513
111659,2.5,1.0,Maleficent,Action|Adventure|Children|IMAX,2014,2.75,16,3.0391
112460,2.5,1.0,Planes: Fire & Rescue,Adventure|Animation|Comedy,2014,2.25,2,3.293
113453,2.5,1.0,Let's Be Cops,Comedy|Crime,2014,3.1,5,3.3677
113849,2.5,1.0,Headshot,Crime|Drama|Thriller,2011,2.5,1,3.4105
114126,2.5,1.0,Beautiful Losers,Documentary,2008,2.5,1,3.4105
114818,2.5,1.0,Stretch,Action|Comedy|Crime,2014,2.1667,3,3.1935
115170,2.5,1.0,"Judge, The",Drama,2014,2.5,1,3.4105
116169,2.5,1.0,Reign of Assassins,Action,2010,2.5,1,3.4105
116849,2.5,1.0,Sex Ed,Comedy|Romance,2014,2.5,1,3.4105
117107,2.5,1.0,Miss Meadows,Drama,2014,2.5,1,3.4105
117466,2.5,1.0,In the Heart of the Sea,Action|Adventure|Drama,2015,3.5,3,3.5012
118702,2.5,1.0,Unbroken,Drama|War,2014,2.5,3,3.2704
118997,2.5,1.0,Into the Woods,Children|Comedy|Fantasy|Musical,2014,2.8,5,3.2677
119155,2.5,1.0,Night at the Museum: Secret of the Tomb,Adventure|Children|Comedy|Fantasy,2014,3.5,6,3.501
119218,2.5,1.0,The Punisher: Dirty Laundry,Action|Crime|Drama,2012,2.5,1,3.4105
120783,2.5,1.0,Son of a Gun,Action|Crime|Drama,2014,2.5,1,3.4105
122260,2.5,1.0,The Diary of Anne Frank,Drama|War,2009,2.5,1,3.4105
127096,2.5,1.0,Project Almanac,Sci-Fi|Thriller,2015,3.75,4,3.5725
127136,2.5,1.0,True Story,Drama|Mystery|Thriller,2015,3.25,2,3.4596
127198,2.5,1.0,Dope,Comedy|Drama,2015,3.5833,6,3.5322
129428,2.5,1.0,The Second Best Exotic Marigold Hotel,Comedy|Drama,2015,3.0,2,3.418
129779,2.5,1.0,Ghost in the Shell Arise - Border 1: Ghost Pain,Action|Animation|Sci-Fi,2013,2.5,1,3.4105
130518,2.5,1.0,The Amazing Screw-On Head,Action|Adventure|Animation|Comedy|Sci-Fi,2006,4.0,3,3.6166
131578,2.5,1.0,Reckless Kelly,Comedy,1994,2.5,1,3.4105
132084,2.5,1.0,Let It Be Me,Drama|Musical|Romance,1995,2.5,1,3.4105
134021,2.5,1.0,5 to 7,Comedy|Drama|Romance,2014,2.5,1,3.4105
135137,2.5,1.0,Pixels,Action|Comedy|Sci-Fi,2015,2.5833,6,3.1572
135887,2.5,1.0,Minions,Adventure|Animation|Children|Comedy,2015,3.1667,15,3.3006
136816,2.5,1.0,Bad Asses on the Bayou,Action|Comedy,2015,2.5,1,3.4105
137218,2.5,1.0,April Morning,Drama,1988,2.5,1,3.4105
139130,2.5,1.0,Afro Samurai,Action|Adventure|Animation|Drama|Fantasy,2007,2.5,1,3.4105
139859,2.5,1.0,Ghost in the Shell Arise - Border 2: Ghost Whispers,Action|Animation|Sci-Fi|Thriller,2013,2.5,1,3.4105
140110,2.5,1.0,The Intern,Comedy,2015,3.6538,13,3.5876
141422,2.5,1.0,Suffragette,Drama,2015,2.5,1,3.4105
142997,2.5,1.0,Hotel Transylvania 2,Animation|Comedy,2015,2.875,4,3.3225
143257,2.5,1.0,Ashby,Comedy|Drama,2015,3.0,2,3.418
144620,2.5,1.0,Goosebumps,Adventure|Comedy|Horror,2015,2.0,2,3.2513
145745,2.5,1.0,Witch Hunt,Crime|Drama,1999,2.5,1,3.4105
145839,2.5,1.0,Concussion,Drama,2015,2.5,3,3.2704
148956,2.5,1.0,How to Be Single,Comedy|Romance,2016,3.125,4,3.394
149590,2.5,1.0,Standoff,Thriller,2016,2.5,1,3.4105
150604,2.5,1.0,Moonwalkers,Comedy,2015,2.5,1,3.4105
152077,2.5,1.0,10 Cloverfield Lane,Thriller,2016,3.6786,14,3.6048
152085,2.5,1.0,Desierto,Drama,2016,2.5,1,3.4105
152091,2.5,1.0,The Brothers Grimsby,Comedy,2016,3.125,4,3.394
155812,2.5,1.0,Get a Job,Comedy,2016,3.25,2,3.4596
156553,2.5,1.0,Zoom,Animation|Comedy|Drama,2015,2.5,1,3.4105
156706,2.5,1.0,The Trust,Crime|Thriller,2016,2.5,1,3.4105
157200,2.5,1.0,Money Monster,Drama|Thriller,2016,2.25,2,3.293
157270,2.5,1.0,Barbershop: The Next Cut,Comedy,2016,2.5,1,3.4105
157340,2.5,1.0,The Angry Birds Movie,Animation|Comedy,2016,2.5,1,3.4105
158388,2.5,1.0,Buck Rogers in the 25th Century,Sci-Fi,1979,2.5,1,3.4105
159077,2.5,1.0,The Meddler,Comedy|Drama,2016,2.5,1,3.4105
160271,2.5,1.0,Central Intelligence,Action|Comedy,2016,3.625,4,3.5368
160646,2.5,1.0,Goat,Drama,2016,2.5,1,3.4105
161008,2.5,1.0,The Forbidden Dance,Drama|Musical|Romance,1990,2.5,1,3.4105
161032,2.5,1.0,The Grandmother,Action|Drama,1970,2.5,1,3.4105
162828,2.5,1.0,Imperium,Crime|Drama|Thriller,2016,2.5,1,3.4105
163809,2.5,1.0,Over the Garden Wall,Adventure|Animation|Drama,2013,2.5,1,3.4105
164647,2.5,1.0,Dirty 30,Comedy|Romance,2016,2.5,1,3.4105
165075,2.5,1.0,London Town,Drama,2016,2.5,1,3.4105
167706,2.5,1.0,Shakespeare Behind Bars,Documentary,2005,2.5,1,3.4105
168350,2.5,1.0,100 Streets,Drama,2016,2.5,1,3.4105
169180,2.5,1.0,American Fable,Thriller,2017,2.5,1,3.4105
169984,2.5,1.0,Alien: Covenant,Action|Horror|Sci-Fi|Thriller,2017,2.8,5,3.2677
170551,2.5,1.0,The Quiet Family,Comedy,1998,2.5,1,3.4105
172215,2.5,1.0,Saved by the Bell: Hawaiian Style,Comedy,1992,2.75,2,3.3763
172233,2.5,1.0,The Prime Gig,Drama|Romance,2000,2.5,1,3.4105
2978,2.499,2.0,Three to Tango,Comedy|Romance,1999,3.0,4,3.3583
3798,2.498,6.0,What Lies Beneath,Drama|Horror|Mystery,2000,3.2,25,3.2862
27839,2.498,3.0,"Ring Two, The",Drama|Horror|Mystery|Thriller,2005,2.3,5,3.101
239,2.497,2.0,"Goofy Movie, A",Animation|Children|Comedy|Romance,1995,3.0,17,3.1858
2901,2.497,2.0,Phantasm,Horror|Sci-Fi,1979,2.8929,14,3.1465
1064,2.496,2.0,Aladdin and the King of Thieves,Animation|Children|Comedy|Fantasy|Musical|Romance,1996,3.1538,13,3.305
3821,2.496,2.0,Nutty Professor II: The Klumps,Comedy,2000,2.2812,16,2.7506
1388,2.495,3.0,Jaws 2,Horror|Thriller,1978,2.6176,17,2.945
2518,2.493,2.0,Night Shift,Comedy,1982,3.05,10,3.2758
4558,2.492,6.0,Twins,Comedy,1988,2.4643,14,2.8965
2059,2.491,2.0,"Parent Trap, The",Children|Comedy|Romance,1998,3.0,15,3.2006
4701,2.488,5.0,Rush Hour 2,Action|Comedy,2001,3.371,31,3.4028
2123,2.476,5.0,All Dogs Go to Heaven,Animation|Children|Comedy|Drama|Fantasy,1989,2.7,15,3.0206
42013,2.474,2.0,"Ringer, The",Comedy,2005,2.75,4,3.2868
60941,2.469,2.0,"Midnight Meat Train, The",Horror|Mystery|Thriller,2008,2.875,4,3.3225
3054,2.468,3.0,Pokémon: The First Movie,Adventure|Animation|Children|Fantasy|Sci-Fi,1998,2.3125,8,2.9731
5214,2.465,2.0,"Oh, God!",Comedy|Fantasy,1977,2.5,4,3.2154
6581,2.465,2.0,"Private Life of Sherlock Holmes, The",Comedy|Drama|Mystery,1970,2.5,2,3.3346
6850,2.465,2.0,Leap of Faith,Comedy|Drama,1992,2.3333,3,3.232
60,2.462,3.0,"Indian in the Cupboard, The",Adventure|Children|Fantasy,1995,3.2353,34,3.2958
2710,2.46,8.0,"Blair Witch Project, The",Drama|Horror|Thriller,1999,2.7969,64,2.8921
5040,2.459,2.0,Conan the Destroyer,Action|Adventure|Fantasy,1984,3.125,8,3.3342
502,2.456,2.0,"Next Karate Kid, The",Action|Children|Romance,1994,2.3667,15,2.8206
5076,2.456,2.0,"Adventures of Huck Finn, The",Adventure|Children|Comedy|Drama,1993,2.5,3,3.2704
52287,2.456,2.0,Meet the Robinsons,Action|Adventure|Animation|Children|Comedy|Sci-Fi,2007,3.5455,11,3.5246
74851,2.456,2.0,From Paris with Love,Action|Crime,2010,2.5,2,3.3346
3537,2.452,2.0,Where the Money Is,Comedy|Drama,2000,3.3333,3,3.4627
49220,2.451,3.0,For Your Consideration,Comedy,2006,2.375,4,3.1797
1911,2.441,5.0,Dr. Dolittle,Comedy,1998,2.6094,32,2.8218
93,2.44,3.0,Vampire in Brooklyn,Comedy|Horror|Romance,1995,2.8333,9,3.185
4578,2.429,2.0,Chances Are,Comedy|Romance,1989,2.5,2,3.3346
2448,2.412,2.0,Virus,Horror|Sci-Fi,1999,2.6667,3,3.3089
6559,2.412,2.0,Little Giants,Children|Comedy,1994,2.5,4,3.2154
6731,2.412,2.0,Day of the Dead,Horror|Sci-Fi|Thriller,1985,3.625,8,3.5564
1615,2.41,2.0,"Edge, The",Adventure|Drama,1997,3.0,11,3.2388
5313,2.383,6.0,The Scorpion King,Action|Adventure|Fantasy|Thriller,2002,2.2955,22,2.6724
3534,2.38,4.0,28 Days,Drama,2000,3.3,25,3.3576
531,2.38,3.0,"Secret Garden, The",Children|Drama,1993,3.25,24,3.324
3511,2.376,3.0,Ready to Rumble,Comedy,2000,2.25,6,3.0322
55232,2.369,3.0,Resident Evil: Extinction,Action|Horror|Sci-Fi|Thriller,2007,2.95,10,3.2258
58025,2.366,3.0,Jumper,Action|Adventure|Drama|Sci-Fi|Thriller,2008,3.0,18,3.1791
89087,2.361,3.0,Colombiana,Action|Adventure|Drama|Thriller,2011,2.5,6,3.126
7570,2.348,3.0,Octopussy,Action|Adventure|Thriller,1983,3.3125,8,3.4175
6615,2.338,3.0,Freddy vs. Jason,Action|Horror|Thriller,2003,2.3333,9,2.9482
1015,2.334,4.0,Homeward Bound: The Incredible Journey,Adventure|Children|Drama,1993,2.95,20,3.1339
3744,2.33,3.0,Shaft,Action|Crime|Thriller,2000,2.6579,19,2.9488
2530,2.323,5.0,Beneath the Planet of the Apes,Action|Sci-Fi,1970,2.7778,18,3.0363
100,2.306,3.0,City Hall,Drama|Thriller,1996,2.7857,14,3.084
53464,2.302,2.0,Fantastic Four: Rise of the Silver Surfer,Action|Adventure|Sci-Fi,2007,2.575,20,2.8839
4733,2.3,2.0,"Curse of the Jade Scorpion, The",Comedy,2001,2.5,3,3.2704
4621,2.299,6.0,Look Who's Talking,Comedy|Romance,1989,2.3889,18,2.7863
7102,2.29,3.0,Dragnet,Comedy|Crime|Drama,1987,2.5,4,3.2154
19,2.287,7.0,Ace Ventura: When Nature Calls,Comedy,1995,2.7273,88,2.8063
2713,2.283,4.0,Lake Placid,Horror|Thriller,1999,2.6667,12,3.0462
1862,2.283,3.0,Species II,Horror|Sci-Fi,1998,1.9444,9,2.764
2247,2.281,4.0,Married to the Mob,Comedy,1988,3.0,12,3.228
4814,2.274,2.0,Don't Say a Word,Thriller,2001,2.5,5,3.1677
6348,2.274,2.0,Breakin' 2: Electric Boogaloo,Musical,1984,1.6667,3,3.0781
74916,2.274,2.0,Greenberg,Comedy|Drama,2010,2.3333,3,3.232
85367,2.274,2.0,Just Go with It,Comedy|Romance,2011,3.2143,7,3.3833
95207,2.274,2.0,Abraham Lincoln: Vampire Hunter,Action|Fantasy|Horror|Thriller,2012,2.75,6,3.2197
106072,2.274,2.0,Thor: The Dark World,Action|Adventure|Fantasy|IMAX,2013,3.3095,21,3.3715
122924,2.274,2.0,X-Men: Apocalypse,Action|Adventure|Fantasy|Sci-Fi,2016,3.0714,14,3.2507
1342,2.273,2.0,Candyman,Horror|Thriller,1992,2.5,11,2.9769
8604,2.272,2.0,Taxi,Action|Comedy,1998,3.2,5,3.401
351,2.268,2.0,"Corrina, Corrina",Comedy|Drama|Romance,1994,3.1765,17,3.2969
4131,2.268,2.0,Making Mr. Right,Comedy|Romance|Sci-Fi,1987,1.8333,3,3.1166
2995,2.266,5.0,House on Haunted Hill,Horror|Thriller,1999,2.4286,14,2.8757
2135,2.262,2.0,Doctor Dolittle,Adventure|Children|Musical,1967,3.7727,11,3.6436
6535,2.261,2.0,"Legally Blonde 2: Red, White & Blonde",Comedy,2003,2.4091,11,2.9293
8861,2.258,4.0,Resident Evil: Apocalypse,Action|Horror|Sci-Fi|Thriller,2004,2.9286,14,3.1673
82167,2.257,2.0,Love and Other Drugs,Comedy|Drama|Romance,2010,2.7857,7,3.2068
78041,2.256,2.0,Killers,Action|Comedy,2010,2.25,2,3.293
2701,2.254,9.0,Wild Wild West,Action|Comedy|Sci-Fi|Western,1999,2.2075,53,2.4129
3286,2.252,2.0,Snow Day,Comedy,2000,2.3,5,3.101
5784,2.252,2.0,Ghost Ship,Horror,2002,2.5,9,3.0271
711,2.248,2.0,Flipper,Adventure|Children,1996,3.05,10,3.2758
8967,2.248,2.0,Seed of Chucky (Child's Play 5),Comedy|Horror,2004,1.75,4,3.0011
1984,2.247,2.0,Halloween III: Season of the Witch,Horror,1982,2.1667,3,3.1935
1975,2.246,2.0,Friday the 13th Part 2,Horror,1981,2.5,7,3.0892
4723,2.243,2.0,"Deep End, The",Drama,2001,1.8333,3,3.1166
26871,2.243,2.0,My Father the Hero,Comedy|Romance,1994,2.25,2,3.293
1005,2.242,2.0,D3: The Mighty Ducks,Children|Comedy,1996,2.1875,8,2.9175
3918,2.242,2.0,Hellbound: Hellraiser II,Horror,1988,3.2778,9,3.3956
5102,2.241,3.0,Rookie of the Year,Comedy|Fantasy,1993,2.5,4,3.2154
7173,2.241,2.0,Along Came Polly,Comedy|Romance,2004,3.0417,24,3.1769
34338,2.234,2.0,"Aristocrats, The",Comedy|Documentary,2005,3.35,10,3.4258
6614,2.232,2.0,I Love You to Death,Comedy|Crime,1990,2.6667,3,3.3089
8531,2.228,2.0,White Chicks,Action|Comedy|Crime,2004,2.8333,6,3.251
26629,2.228,2.0,Killer Klowns from Outer Space,Comedy|Horror|Sci-Fi,1988,2.0,3,3.1551
27772,2.228,2.0,Ju-on: The Grudge,Horror,2002,2.5833,6,3.1572
5999,2.226,2.0,Heavy Metal 2000,Action|Adventure|Animation|Fantasy|Sci-Fi,2000,2.25,2,3.293
26700,2.226,2.0,Nuns on the Run,Comedy|Crime,1990,2.25,2,3.293
50005,2.226,2.0,Curse of the Golden Flower (Man cheng jin dai huang jin jia),Action|Drama,2006,2.5,3,3.2704
33834,2.218,2.0,Land of the Dead,Action|Horror|Thriller,2005,3.125,4,3.394
12,2.216,4.0,Dracula: Dead and Loving It,Comedy|Horror,1995,2.4211,19,2.7936
3937,2.189,2.0,Runaway,Sci-Fi|Thriller,1984,2.625,4,3.2511
2533,2.187,3.0,Escape from the Planet of the Apes,Action|Sci-Fi,1971,3.0,15,3.2006
5055,2.185,3.0,Dragon: The Bruce Lee Story,Action|Drama,1993,2.8125,8,3.1953
1992,2.184,2.0,Child's Play 2,Horror|Thriller,1990,2.375,4,3.1797
2170,2.184,2.0,Wrongfully Accused,Action|Comedy,1998,2.4,5,3.1344
4748,2.184,2.0,3 Ninjas,Action|Children|Comedy,1992,2.0833,6,2.9697
60522,2.184,2.0,"Machine Girl, The (Kataude mashin gâru)",Action|Comedy|Fantasy|Horror|Thriller,2008,2.25,2,3.293
2136,2.181,3.0,"Nutty Professor, The",Comedy|Sci-Fi,1963,2.4643,14,2.8965
3208,2.178,2.0,Loaded Weapon 1 (National Lampoon's Loaded Weapon 1),Action|Comedy,1993,2.1875,8,2.9175
4340,2.173,3.0,"Animal, The",Comedy,2001,2.1364,11,2.7865
637,2.171,3.0,Sgt. Bilko,Comedy,1996,3.0455,33,3.1515
2719,2.159,6.0,"Haunting, The",Horror|Thriller,1999,2.1154,13,2.7181
2050,2.154,3.0,Herbie Goes Bananas,Adventure|Children|Comedy,1980,2.875,4,3.3225
8947,2.145,4.0,"Grudge, The",Horror|Mystery|Thriller,2004,2.3,10,2.9008
4153,2.14,4.0,Down to Earth,Comedy|Fantasy|Romance,2001,2.4167,12,2.9098
5585,2.14,2.0,Ernest Scared Stupid,Comedy,1991,2.0833,6,2.9697
256,2.134,3.0,Junior,Comedy|Sci-Fi,1994,2.8286,35,2.9781
688,2.131,3.0,Operation Dumbo Drop,Action|Adventure|Comedy|War,1995,2.3333,9,2.9482
1616,2.131,3.0,"Peacemaker, The",Action|Thriller|War,1997,3.025,20,3.1839
2153,2.13,4.0,"Avengers, The",Action|Adventure,1998,2.3182,11,2.8817
111743,2.13,2.0,A Million Ways to Die in the West,Comedy|Western,2014,2.9583,12,3.2053
2296,2.096,3.0,"Night at the Roxbury, A",Comedy,1998,2.1,10,2.8008
4386,2.096,3.0,Cats & Dogs,Children|Comedy,2001,2.8182,11,3.1436
103228,2.096,2.0,Pacific Rim,Action|Adventure|Sci-Fi|IMAX,2013,3.6071,14,3.5632
87,2.07,3.0,Dunston Checks In,Children|Comedy,1996,2.5,7,3.0892
5103,2.069,6.0,"Sandlot, The",Children|Comedy|Drama,1993,3.4375,24,3.4563
71530,2.048,2.0,Surrogates,Action|Sci-Fi|Thriller,2009,3.0357,14,3.2298
1556,2.036,4.0,Speed 2: Cruise Control,Action|Romance|Thriller,1997,1.6053,19,2.2592
2265,2.035,2.0,Nothing But Trouble,Adventure|Comedy,1991,2.375,4,3.1797
393,2.031,3.0,Street Fighter,Action|Adventure|Fantasy,1994,2.5,10,3.0008
6482,2.013,2.0,Dumb and Dumberer: When Harry Met Lloyd,Comedy,2003,1.9545,11,2.6912
76175,2.008,2.0,Clash of the Titans,Action|Adventure|Drama|Fantasy,2010,2.3077,13,2.8268
2796,2.007,4.0,Funny Farm,Comedy,1988,2.5909,11,3.0246
1974,2.007,3.0,Friday the 13th,Horror|Mystery|Thriller,1980,2.875,16,3.116
74532,2.004,2.0,Cop Out,Action|Comedy|Crime,2010,2.5,5,3.1677
7701,2.001,3.0,Look Who's Talking Too,Comedy|Romance,1990,1.7857,7,2.795
2422,2.0,3.0,"Karate Kid, Part III, The",Action|Adventure|Children|Drama,1989,1.75,14,2.4798
528,2.0,2.0,"Scout, The",Comedy|Drama,1994,2.3333,3,3.232
1126,2.0,2.0,Drop Dead Fred,Comedy|Fantasy,1991,2.8333,6,3.251
1983,2.0,2.0,Halloween II,Horror,1981,2.4,5,3.1344
1995,2.0,2.0,Poltergeist II: The Other Side,Horror|Thriller,1986,1.6667,6,2.8135
2121,2.0,2.0,Cujo,Horror|Thriller,1983,2.2143,7,2.9715
2152,2.0,2.0,Air Bud: Golden Receiver,Children|Comedy,1998,2.0,3,3.1551
2548,2.0,2.0,"Rage: Carrie 2, The",Horror,1999,1.8333,6,2.876
4563,2.0,2.0,Young Einstein,Comedy,1988,1.8333,3,3.1166
5309,2.0,2.0,Three Men and a Little Lady,Comedy|Romance,1990,2.5625,8,3.0842
5414,2.0,2.0,Bad Company,Action|Comedy|Crime,2002,2.875,4,3.3225
7000,2.0,2.0,Hudson Hawk,Action|Adventure|Comedy,1991,3.0,4,3.3583
8959,2.0,2.0,Birth,Drama|Mystery,2004,2.5,3,3.2704
32011,2.0,2.0,Cursed,Horror|Thriller,2005,2.1667,6,3.001
86293,2.0,2.0,Arthur,Comedy,2011,3.0,6,3.3135
94478,2.0,2.0,Dark Shadows,Comedy|Horror|IMAX,2012,2.5,6,3.126
13,2.0,1.0,Balto,Adventure|Animation|Children,1995,3.125,8,3.3342
66,2.0,1.0,Lawnmower Man 2: Beyond Cyberspace,Action|Sci-Fi|Thriller,1996,2.5,9,3.0271
79,2.0,1.0,"Juror, The",Drama|Thriller,1996,2.7647,17,3.0376
460,2.0,1.0,Getting Even with Dad,Comedy,1994,2.6667,3,3.3089
468,2.0,1.0,"Englishman Who Went Up a Hill But Came Down a Mountain, The",Comedy|Romance,1995,3.2045,22,3.2974
798,2.0,1.0,Daylight,Action|Adventure|Drama|Thriller,1996,2.7083,12,3.0689
879,2.0,1.0,"Relic, The",Horror|Thriller,1997,3.0,4,3.3583
885,2.0,1.0,Bogus,Children|Drama|Fantasy,1996,2.5,2,3.3346
1018,2.0,1.0,That Darn Cat!,Children|Comedy|Mystery,1965,2.4167,6,3.0947
1128,2.0,1.0,"Fog, The",Horror,1980,2.5,5,3.1677
1130,2.0,1.0,"Howling, The",Horror|Mystery,1980,2.9,5,3.301
1323,2.0,1.0,Amityville 3-D,Horror,1983,1.6667,3,3.0781
1351,2.0,1.0,Blood and Wine (Blood & Wine),Crime|Drama|Thriller,1996,2.3333,3,3.232
1401,2.0,1.0,Ghosts of Mississippi,Drama,1996,3.3333,3,3.4627
1465,2.0,1.0,Rosewood,Action|Drama,1997,3.3333,3,3.4627
1487,2.0,1.0,Selena,Drama|Musical,1997,3.0,5,3.3344
1629,2.0,1.0,"MatchMaker, The",Comedy|Romance,1997,3.3333,3,3.4627
1752,2.0,1.0,Hard Rain,Action|Crime|Thriller,1998,2.5,4,3.2154
1762,2.0,1.0,Deep Rising,Action|Horror|Sci-Fi,1998,2.3,5,3.101
1767,2.0,1.0,Music From Another Room,Drama|Romance,1998,3.0,2,3.418
1770,2.0,1.0,B. Monkey,Crime|Romance|Thriller,1998,2.5,2,3.3346
1855,2.0,1.0,Krippendorf's Tribe,Comedy,1998,2.5714,7,3.1186
1888,2.0,1.0,Hope Floats,Comedy|Drama|Romance,1998,2.6667,3,3.3089
1924,2.0,1.0,Plan 9 from Outer Space,Horror|Sci-Fi,1959,3.1875,8,3.362
2027,2.0,1.0,Jane Austen's Mafia!,Comedy|Crime,1998,1.8333,9,2.7114
2154,2.0,1.0,How Stella Got Her Groove Back,Drama|Romance,1998,1.75,2,3.2096
2162,2.0,1.0,"NeverEnding Story II: The Next Chapter, The",Adventure|Children|Fantasy,1990,2.5,8,3.0564
2163,2.0,1.0,Attack of the Killer Tomatoes!,Comedy|Horror,1978,2.2,5,3.0677
2286,2.0,1.0,"Fiendish Plot of Dr. Fu Manchu, The",Comedy,1980,2.0,1,3.3651
2316,2.0,1.0,Practical Magic,Drama|Fantasy|Mystery|Romance,1998,3.2143,7,3.3833
2349,2.0,1.0,Mona Lisa,Comedy|Thriller,1986,3.5,7,3.5009
2365,2.0,1.0,King Kong vs. Godzilla (Kingukongu tai Gojira),Action|Sci-Fi,1962,2.5,2,3.3346
2368,2.0,1.0,King Kong Lives,Adventure|Sci-Fi,1986,2.0,1,3.3651
2385,2.0,1.0,Home Fries,Comedy|Romance,1998,2.3333,3,3.232
2389,2.0,1.0,Psycho,Crime|Horror|Thriller,1998,1.8889,9,2.7377
2432,2.0,1.0,Stepmom,Drama,1998,3.0833,6,3.3447
2445,2.0,1.0,At First Sight,Drama,1999,2.6875,8,3.1398
2506,2.0,1.0,"Other Sister, The",Comedy|Drama|Romance,1999,3.3333,6,3.4385
2523,2.0,1.0,Rollercoaster,Drama|Thriller,1977,2.5,2,3.3346
2525,2.0,1.0,Alligator,Action|Horror|Sci-Fi,1980,2.0,3,3.1551
2526,2.0,1.0,Meteor,Sci-Fi,1979,1.8333,3,3.1166
2531,2.0,1.0,Battle for the Planet of the Apes,Action|Sci-Fi,1973,2.7778,9,3.1587
2532,2.0,1.0,Conquest of the Planet of the Apes,Action|Sci-Fi,1972,2.7917,12,3.1143
2535,2.0,1.0,Earthquake,Action|Drama|Thriller,1974,2.6667,3,3.3089
2540,2.0,1.0,"Corruptor, The",Action|Crime|Drama|Thriller,1999,2.5,3,3.2704
2555,2.0,1.0,Baby Geniuses,Comedy,1999,1.6667,3,3.0781
2698,2.0,1.0,Zone 39,Sci-Fi,1997,2.0,1,3.3651
2752,2.0,1.0,Outrageous Fortune,Comedy|Mystery,1987,2.8125,8,3.1953
2851,2.0,1.0,Saturn 3,Adventure|Sci-Fi|Thriller,1980,3.1,5,3.3677
2902,2.0,1.0,Psycho II,Horror|Mystery|Thriller,1983,2.5,4,3.2154
3028,2.0,1.0,"Taming of the Shrew, The",Comedy,1967,2.5,2,3.3346
3130,2.0,1.0,Bonfire of the Vanities,Comedy|Crime|Drama,1990,2.4,5,3.1344
3161,2.0,1.0,Onegin,Drama|Romance,1999,3.0,2,3.418
3190,2.0,1.0,Supernova,Adventure|Sci-Fi|Thriller,2000,2.0,4,3.0725
3281,2.0,1.0,"Brandon Teena Story, The",Documentary,1998,2.0,1,3.3651
3313,2.0,1.0,Class Reunion,Comedy,1982,1.5,2,3.168
3331,2.0,1.0,My Tutor,Drama,1983,2.0,1,3.3651
3387,2.0,1.0,Who's Harry Crumb?,Comedy|Mystery,1989,2.8571,7,3.2362
3390,2.0,1.0,Shanghai Surprise,Adventure|Crime|Drama|Romance,1986,2.0,1,3.3651
3401,2.0,1.0,Baby... Secret of the Lost Legend,Adventure|Sci-Fi,1985,2.2,5,3.0677
3423,2.0,1.0,School Daze,Drama,1988,2.1667,3,3.1935
3528,2.0,1.0,"Prince of Tides, The",Drama|Romance,1991,3.4,5,3.4677
3553,2.0,1.0,Gossip,Drama|Thriller,2000,2.4,5,3.1344
3564,2.0,1.0,"Flintstones in Viva Rock Vegas, The",Children|Comedy,2000,1.625,12,2.478
3571,2.0,1.0,Time Code,Comedy|Drama,2000,3.0,2,3.418
3649,2.0,1.0,American Gigolo,Drama,1980,2.6875,8,3.1398
3709,2.0,1.0,Sleepwalkers,Horror,1992,2.0,1,3.3651
3824,2.0,1.0,Autumn in New York,Drama|Romance,2000,2.4091,11,2.9293
3865,2.0,1.0,"Original Kings of Comedy, The",Comedy|Documentary,2000,3.25,4,3.4297
3906,2.0,1.0,Under Suspicion,Crime|Thriller,2000,2.5,2,3.3346
3927,2.0,1.0,Fantastic Voyage,Adventure|Sci-Fi,1966,2.6667,6,3.1885
3957,2.0,1.0,Billy Jack,Action|Drama,1971,2.6667,3,3.3089
3990,2.0,1.0,Rugrats in Paris: The Movie,Animation|Children|Comedy,2000,2.25,4,3.144
3991,2.0,1.0,102 Dalmatians,Children|Comedy,2000,2.7778,9,3.1587
4053,2.0,1.0,Double Take,Action|Comedy,2001,2.5,2,3.3346
4066,2.0,1.0,I'm Gonna Git You Sucka,Action|Comedy,1988,2.875,4,3.3225
4156,2.0,1.0,Company Man,Comedy,2000,2.0,1,3.3651
4166,2.0,1.0,Series 7: The Contenders,Action|Drama,2001,2.5,2,3.3346
4200,2.0,1.0,Double Impact,Action,1991,3.25,2,3.4596
4205,2.0,1.0,Mermaids,Comedy|Drama|Romance,1990,3.1667,6,3.376
4240,2.0,1.0,Just Visiting,Comedy|Fantasy,2001,2.0,1,3.3651
4268,2.0,1.0,Town & Country,Comedy,2001,2.5,2,3.3346
4296,2.0,1.0,Love Story,Drama|Romance,1970,3.0,2,3.418
4373,2.0,1.0,Pootie Tang,Comedy,2001,3.1667,3,3.4243
4470,2.0,1.0,Ariel,Drama,1988,3.0,2,3.418
4476,2.0,1.0,Big Business,Comedy,1988,2.3333,3,3.232
4490,2.0,1.0,"Couch Trip, The",Comedy,1988,2.0,1,3.3651
4511,2.0,1.0,High Spirits,Comedy,1988,2.0,1,3.3651
4531,2.0,1.0,Red Heat,Action,1988,2.6667,3,3.3089
4535,2.0,1.0,"Man from Snowy River, The",Drama|Romance|Western,1982,3.375,4,3.4654
4593,2.0,1.0,Family Business,Comedy,1989,2.25,2,3.293
4597,2.0,1.0,Gleaming the Cube,Action|Drama|Mystery,1989,2.0,1,3.3651
4608,2.0,1.0,"Innocent Man, An",Crime|Drama,1989,2.25,2,3.293
4625,2.0,1.0,Millennium,Drama|Sci-Fi|Thriller,1989,2.0,3,3.1551
4673,2.0,1.0,Tango & Cash,Action|Comedy|Crime|Thriller,1989,1.6667,3,3.0781
4860,2.0,1.0,Making the Grade,Comedy,1984,2.0,1,3.3651
4952,2.0,1.0,Morons From Outer Space,Comedy|Sci-Fi,1985,2.0,1,3.3651
4957,2.0,1.0,Sudden Impact,Crime|Thriller,1983,3.5,2,3.5013
5033,2.0,1.0,"Russia House, The",Drama|Thriller,1990,2.5,2,3.3346
5226,2.0,1.0,All the Right Moves,Drama|Romance,1983,2.25,2,3.293
5361,2.0,1.0,White Fang,Adventure,1991,1.75,2,3.2096
5442,2.0,1.0,V. I. Warshawski,Action|Comedy|Crime,1991,2.0,1,3.3651
5523,2.0,1.0,"Adventures of Pluto Nash, The",Action|Adventure|Comedy|Sci-Fi,2002,2.3333,3,3.232
5543,2.0,1.0,"Swarm, The",Action|Horror|Sci-Fi,1978,2.25,2,3.293
5581,2.0,1.0,Betsy's Wedding,Comedy,1990,2.0,1,3.3651
5609,2.0,1.0,Ballistic: Ecks vs. Sever,Action|Thriller,2002,2.5,2,3.3346
5612,2.0,1.0,Trapped,Action|Thriller,2002,2.0,1,3.3651
5629,2.0,1.0,Jonah: A VeggieTales Movie,Animation|Children|Musical,2002,2.0,1,3.3651
5638,2.0,1.0,Godzilla vs. Mothra (Mosura tai Gojira),Action|Adventure|Fantasy|Sci-Fi,1964,2.0,1,3.3651
5689,2.0,1.0,Billy Bathgate,Crime|Drama,1991,2.0,1,3.3651
5696,2.0,1.0,Urban Cowboy,Drama,1980,2.3333,3,3.232
5755,2.0,1.0,Happy Birthday to Me,Horror|Mystery,1981,2.0,2,3.2513
5779,2.0,1.0,Piranha II: The Spawning,Horror|Sci-Fi,1981,2.0,1,3.3651
5836,2.0,1.0,Houseboat,Comedy|Romance,1958,2.0,1,3.3651
6014,2.0,1.0,National Security,Action|Comedy,2003,2.5,5,3.1677
6124,2.0,1.0,Savannah Smiles,Comedy,1982,2.75,2,3.3763
6143,2.0,1.0,Trail of the Pink Panther,Comedy|Crime,1982,3.0,2,3.418
6267,2.0,1.0,Assassination Tango,Drama|Thriller,2002,2.0,1,3.3651
6313,2.0,1.0,Sibling Rivalry,Comedy,1990,2.5,2,3.3346
6320,2.0,1.0,Scenes from a Mall,Comedy,1991,1.5,2,3.168
6407,2.0,1.0,"Walk, Don't Run",Comedy|Romance,1966,2.0,1,3.3651
6433,2.0,1.0,"Man with the Movie Camera, The (Chelovek s kino-apparatom)",Documentary,1929,3.3333,3,3.4627
6523,2.0,1.0,Mr. Baseball,Comedy|Romance,1992,2.5,2,3.3346
6550,2.0,1.0,Johnny English,Action|Comedy|Thriller,2003,2.9615,13,3.1963
6687,2.0,1.0,My Boss's Daughter,Comedy|Romance,2003,2.0,4,3.0725
6695,2.0,1.0,Jeepers Creepers 2,Horror|Thriller,2003,1.875,4,3.0368
6702,2.0,1.0,Dickie Roberts: Former Child Star,Comedy,2003,2.3,5,3.101
6723,2.0,1.0,Once Upon a Time in China III (Wong Fei-hung tsi sam: Siwong tsangba),Action,1993,3.0,2,3.418
6734,2.0,1.0,Memoirs of an Invisible Man,Comedy|Romance|Sci-Fi|Thriller,1992,2.0,2,3.2513
6788,2.0,1.0,Angie,Comedy|Drama|Romance,1994,2.0,1,3.3651
6794,2.0,1.0,Beethoven's 2nd,Children|Comedy,1993,1.5,5,2.8344
6800,2.0,1.0,Cobra,Action|Crime,1986,2.3333,3,3.232
6804,2.0,1.0,Crimewave,Comedy|Crime,1985,2.0,1,3.3651
6860,2.0,1.0,Mobsters,Crime|Drama,1991,2.0,1,3.3651
6872,2.0,1.0,"House of the Dead, The",Action|Horror,2003,1.125,4,2.8225
6880,2.0,1.0,"Texas Chainsaw Massacre, The",Horror,2003,1.8571,7,2.8245
6958,2.0,1.0,"Haunted Mansion, The",Children|Comedy|Fantasy|Horror,2003,2.5,10,3.0008
6992,2.0,1.0,Guarding Tess,Comedy|Drama,1994,2.75,2,3.3763
6998,2.0,1.0,House of Cards,Drama,1993,2.0,1,3.3651
7017,2.0,1.0,Passenger 57,Action|Thriller,1992,3.5,3,3.5012
7107,2.0,1.0,Foul Play,Comedy|Thriller,1978,2.75,2,3.3763
7125,2.0,1.0,Spring Forward,Drama,1999,2.0,1,3.3651
7191,2.0,1.0,Blame It on the Bellboy,Comedy,1992,2.0,1,3.3651
7704,2.0,1.0,"Delta Force, The",Action,1986,2.0,1,3.3651
7707,2.0,1.0,"He Said, She Said",Comedy|Drama|Romance,1991,2.0,1,3.3651
7988,2.0,1.0,Space Truckers,Comedy|Sci-Fi,1996,2.0,1,3.3651
8045,2.0,1.0,Hamburger Hill,Action|Drama|War,1987,2.0,1,3.3651
8369,2.0,1.0,Mindhunters,Action|Crime|Horror|Mystery|Thriller,2004,2.6667,3,3.3089
8425,2.0,1.0,Meet the Applegates,Comedy,1991,2.0,1,3.3651
8506,2.0,1.0,Fear X,Mystery|Thriller,2003,2.25,2,3.293
8605,2.0,1.0,Taxi 3,Action|Comedy,2003,3.25,2,3.4596
8677,2.0,1.0,Flash Gordon Conquers the Universe,Action|Sci-Fi,1940,1.25,2,3.1263
8720,2.0,1.0,"Super, The",Comedy,1991,2.0,1,3.3651
8830,2.0,1.0,Anacondas: The Hunt for the Blood Orchid,Adventure|Drama|Horror|Sci-Fi|Thriller,2004,1.75,2,3.2096
9004,2.0,1.0,D.A.R.Y.L.,Adventure|Children|Sci-Fi,1985,2.0,1,3.3651
9005,2.0,1.0,Fire in the Sky,Drama|Mystery|Sci-Fi,1993,2.0,2,3.2513
26142,2.0,1.0,Major Dundee,Adventure|War|Western,1965,2.0,1,3.3651
26322,2.0,1.0,Gone in 60 Seconds,Action|Crime|Drama,1974,3.125,4,3.394
26555,2.0,1.0,Spies Like Us,Comedy,1985,2.75,2,3.3763
26567,2.0,1.0,Club Paradise,Comedy,1986,2.0,1,3.3651
26590,2.0,1.0,G.I. Joe: The Movie,Action|Adventure|Animation|Children|Fantasy|Sci-Fi,1987,2.0,1,3.3651
26593,2.0,1.0,Hell Comes to Frogtown,Action|Comedy|Sci-Fi,1988,2.0,1,3.3651
26764,2.0,1.0,Captain America,Action|Fantasy|Sci-Fi|Thriller|War,1990,1.25,2,3.1263
26782,2.0,1.0,"Mambo Kings, The",Drama|Musical,1992,2.0,1,3.3651
27124,2.0,1.0,Bleeder,Drama|Thriller,1999,2.0,1,3.3651
27155,2.0,1.0,"Batman/Superman Movie, The",Action|Adventure|Animation|Children|Fantasy|Sci-Fi,1998,2.0,1,3.3651
27420,2.0,1.0,Teknolust,Comedy|Drama|Romance|Sci-Fi,2002,2.0,1,3.3651
31083,2.0,1.0,Man Trouble,Comedy|Romance,1992,2.0,1,3.3651
31367,2.0,1.0,"Chase, The",Action|Adventure|Comedy|Crime|Romance|Thriller,1994,2.0,1,3.3651
32009,2.0,1.0,Tyler Perry's Diary of a Mad Black Woman,Comedy|Drama|Romance,2005,2.6667,3,3.3089
32058,2.0,1.0,Class Action,Drama,1991,2.0,1,3.3651
32296,2.0,1.0,Miss Congeniality 2: Armed and Fabulous,Adventure|Comedy|Crime,2005,2.25,8,2.9453
32300,2.0,1.0,D.E.B.S.,Action|Comedy,2004,2.8333,3,3.3474
32440,2.0,1.0,If Looks Could Kill,Action|Comedy,1991,2.0,1,3.3651
33158,2.0,1.0,xXx: State of the Union,Action|Crime|Thriller,2005,2.0,5,3.001
33830,2.0,1.0,Herbie: Fully Loaded,Adventure|Comedy|Romance,2005,3.1667,3,3.4243
34143,2.0,1.0,Dark Water,Drama|Horror|Thriller,2005,2.0,3,3.1551
36525,2.0,1.0,Just Like Heaven,Comedy|Fantasy|Romance,2005,2.6875,8,3.1398
37844,2.0,1.0,Roll Bounce,Comedy|Drama|Romance,2005,2.0,1,3.3651
38798,2.0,1.0,In Her Shoes,Comedy|Drama,2005,3.125,4,3.394
39715,2.0,1.0,American Pie Presents: Band Camp (American Pie 4: Band Camp),Comedy,2005,2.1429,7,2.9421
39801,2.0,1.0,"Great Yokai War, The (Yôkai daisensô)",Adventure|Comedy|Fantasy|Horror,2005,2.75,2,3.3763
43558,2.0,1.0,Big Momma's House 2,Action|Comedy|Crime,2006,2.0,1,3.3651
43677,2.0,1.0,"Tuskegee Airmen, The",Drama|War,1995,2.0,1,3.3651
44241,2.0,1.0,Leprechaun 3,Comedy|Fantasy|Horror,1995,2.0,1,3.3651
44972,2.0,1.0,Scary Movie 4,Comedy|Horror,2006,2.25,12,2.8189
45361,2.0,1.0,"American Haunting, An",Drama|Horror|Mystery|Thriller,2005,1.5,2,3.168
46367,2.0,1.0,"Public Eye, The",Crime|Thriller,1992,2.0,1,3.3651
47382,2.0,1.0,Step Up,Drama|Romance,2006,3.5,4,3.5011
49110,2.0,1.0,Mom and Dad Save the World,Comedy|Sci-Fi,1992,2.0,1,3.3651
50147,2.0,1.0,Black Christmas,Action|Horror|Thriller,2006,2.0,1,3.3651
50440,2.0,1.0,Primeval,Horror|Thriller,2007,2.0,1,3.3651
51024,2.0,1.0,The Odyssey,Adventure|Drama|Fantasy,1997,3.1667,3,3.4243
51037,2.0,1.0,Unknown,Drama|Mystery|Thriller,2006,3.0,4,3.3583
51937,2.0,1.0,"Hills Have Eyes II, The",Horror|Thriller,2007,2.5,2,3.3346
53143,2.0,1.0,Fay Grim,Action|Thriller,2006,2.0,1,3.3651
53808,2.0,1.0,Bring It On: All or Nothing,Comedy,2006,2.0,1,3.3651
54648,2.0,1.0,Rush Hour 3,Action|Comedy|Crime|Thriller,2007,2.7,5,3.2344
54732,2.0,1.0,Balls of Fury,Comedy,2007,2.8333,3,3.3474
54908,2.0,1.0,Taxi 4,Action|Comedy,2007,2.0,1,3.3651
56022,2.0,1.0,Harrison Bergeron,Drama|Sci-Fi,1995,2.0,1,3.3651
56336,2.0,1.0,Wrong Turn 2: Dead End,Action|Horror|Thriller,2007,3.0,2,3.418
56941,2.0,1.0,P.S. I Love You,Comedy|Drama|Romance,2007,3.0909,11,3.2865
57910,2.0,1.0,Teeth,Comedy|Horror,2007,2.0,1,3.3651
59727,2.0,1.0,"Strangers, The",Horror|Thriller,2008,3.1667,3,3.4243
59947,2.0,1.0,"Protector, The",Action|Comedy|Drama|Thriller,1985,2.0,1,3.3651
61073,2.0,1.0,Hell Ride,Action|Drama|Thriller,2008,2.0,1,3.3651
61123,2.0,1.0,High School Musical 2,Comedy|Drama|Musical|Romance,2007,2.0,1,3.3651
63436,2.0,1.0,Saw V,Crime|Horror|Thriller,2008,3.1667,3,3.4243
64030,2.0,1.0,Transporter 3,Action|Adventure|Crime|Thriller,2008,2.6667,6,3.1885
66915,2.0,1.0,Rock-A-Doodle,Adventure|Animation|Children|Musical,1991,2.0,1,3.3651
67186,2.0,1.0,"Haunting in Connecticut, The",Horror|Thriller,2009,2.5,2,3.3346
67361,2.0,1.0,Echelon Conspiracy,Action|Mystery|Thriller,2009,2.0,1,3.3651
67695,2.0,1.0,Observe and Report,Action|Comedy,2009,2.625,4,3.2511
68552,2.0,1.0,Crossing Over,Drama,2009,2.0,1,3.3651
68650,2.0,1.0,Powder Blue,Drama,2009,2.0,1,3.3651
70545,2.0,1.0,"Deal, The",Comedy,2008,2.0,1,3.3651
70703,2.0,1.0,Christopher Columbus: The Discovery,Adventure,1992,2.0,1,3.3651
71379,2.0,1.0,Paranormal Activity,Horror|Thriller,2009,3.4,5,3.4677
72405,2.0,1.0,Bad Lieutenant: Port of Call New Orleans,Crime|Drama,2009,2.25,2,3.293
72694,2.0,1.0,Shrink,Drama,2009,2.0,1,3.3651
73015,2.0,1.0,It's Complicated,Comedy|Romance,2009,2.75,4,3.2868
74508,2.0,1.0,Persuasion,Drama|Romance,2007,3.3333,3,3.4627
75805,2.0,1.0,"Bounty Hunter, The",Action|Comedy|Romance,2010,2.75,6,3.2197
75816,2.0,1.0,Women in Trouble,Comedy,2009,2.0,1,3.3651
75947,2.0,1.0,Mondo Cane,Documentary,1962,2.0,1,3.3651
77866,2.0,1.0,Robin Hood,Action|Adventure|Drama|Romance|War,2010,3.1667,6,3.376
78772,2.0,1.0,"Twilight Saga: Eclipse, The",Fantasy|Romance|Thriller|IMAX,2010,2.45,10,2.9758
80363,2.0,1.0,Resident Evil: Afterlife,Action|Horror|Sci-Fi|Thriller|IMAX,2010,3.1429,7,3.3539
80590,2.0,1.0,Wall Street: Money Never Sleeps,Drama,2010,3.1667,3,3.4243
82852,2.0,1.0,Little Fockers,Comedy,2010,1.8333,6,2.876
83177,2.0,1.0,Yogi Bear,Children|Comedy,2010,1.1667,3,2.9627
83349,2.0,1.0,"Green Hornet, The",Action|Comedy|Crime|Fantasy|Thriller|IMAX,2011,3.0,11,3.2388
84374,2.0,1.0,No Strings Attached,Comedy|Romance,2011,2.9286,14,3.1673
85025,2.0,1.0,"Eagle, The",Adventure|Drama,2011,2.0,1,3.3651
85401,2.0,1.0,Super,Action|Comedy|Drama,2010,2.9,5,3.301
86028,2.0,1.0,Henry's Crime,Comedy|Crime,2010,2.0,1,3.3651
86286,2.0,1.0,Daffy Duck's Quackbusters,Animation|Children|Comedy|Horror,1988,2.0,1,3.3651
86298,2.0,1.0,Rio,Adventure|Animation|Children|Comedy,2011,3.125,8,3.3342
86355,2.0,1.0,Atlas Shrugged: Part 1,Drama|Mystery|Sci-Fi,2011,2.0,1,3.3651
87483,2.0,1.0,Mr. Popper's Penguins,Comedy,2011,2.7,5,3.2344
87785,2.0,1.0,Takers,Action|Crime|Thriller,2010,2.75,2,3.3763
88356,2.0,1.0,"Smurfs, The",Animation|Children|Comedy,2011,1.875,4,3.0368
88785,2.0,1.0,"Change-Up, The",Comedy,2011,2.85,10,3.1758
90522,2.0,1.0,Johnny English Reborn,Adventure|Comedy|Thriller,2011,3.0,6,3.3135
90890,2.0,1.0,Jack and Jill,Comedy,2011,2.3,5,3.101
91325,2.0,1.0,Extremely Loud and Incredibly Close,Drama,2011,2.75,2,3.3763
91535,2.0,1.0,"Bourne Legacy, The",Action|Adventure|Drama|Thriller|IMAX,2012,3.1389,18,3.2684
91628,2.0,1.0,New Year's Eve,Comedy|Romance,2011,2.0,3,3.1551
91842,2.0,1.0,Contraband,Action|Crime|Drama|Thriller,2012,3.0,2,3.418
92198,2.0,1.0,Seeking Justice,Action|Drama|Thriller,2011,2.0,1,3.3651
92439,2.0,1.0,"Art of Getting By, The",Drama|Romance,2011,3.0,2,3.418
93208,2.0,1.0,Mickey's The Prince and the Pauper,Animation|Children,1990,2.0,1,3.3651
93363,2.0,1.0,John Carter,Action|Adventure|Sci-Fi|IMAX,2012,3.0909,11,3.2865
93982,2.0,1.0,"Raven, The",Mystery|Thriller,2012,2.0,1,3.3651
94122,2.0,1.0,Comic-Con Episode IV: A Fan's Hope,Documentary,2011,2.0,1,3.3651
94323,2.0,1.0,Think Like a Man,Comedy,2012,2.5,2,3.3346
94780,2.0,1.0,Snow White and the Huntsman,Action|Adventure|Drama,2012,2.8333,6,3.251
94953,2.0,1.0,Wanderlust,Comedy,2012,3.0,5,3.3344
95307,2.0,1.0,Rock of Ages,Comedy|Drama|Musical|IMAX,2012,2.75,4,3.2868
95717,2.0,1.0,Treasure Island,Adventure,2012,2.0,1,3.3651
95720,2.0,1.0,"Watch, The",Comedy|Sci-Fi,2012,3.0,9,3.264
95873,2.0,1.0,Ruby Sparks,Comedy|Fantasy|Romance,2012,3.5,4,3.5011
96114,2.0,1.0,Brake,Crime|Thriller,2012,2.0,1,3.3651
97858,2.0,1.0,Mental,Comedy|Drama,2012,2.0,1,3.3651
98836,2.0,1.0,Hyde Park on Hudson,Comedy|Drama,2012,2.0,1,3.3651
99117,2.0,1.0,This Is 40,Drama,2012,3.125,8,3.3342
99415,2.0,1.0,Parental Guidance,Comedy,2012,2.0,1,3.3651
100487,2.0,1.0,Beautiful Creatures,Drama|Fantasy|Romance,2013,2.0,1,3.3651
101074,2.0,1.0,"Legend of Sleepy Hollow, The",Animation|Comedy|Horror|Musical,1949,2.0,1,3.3651
101529,2.0,1.0,"Brass Teapot, The",Comedy|Fantasy|Thriller,2012,2.0,1,3.3651
101612,2.0,1.0,Admission,Comedy|Romance,2013,3.0,4,3.3583
102165,2.0,1.0,"English Teacher, The",Comedy|Drama,2013,2.0,1,3.3651
102278,2.0,1.0,Pawn,Crime|Thriller,2013,2.0,1,3.3651
103366,2.0,1.0,Redemption (Hummingbird),Action|Crime|Thriller,2013,2.0,1,3.3651
103543,2.0,1.0,"Lifeguard, The",Comedy|Drama,2013,3.5,2,3.5013
103865,2.0,1.0,Revenge for Jolly!,Comedy|Drama,2012,2.0,1,3.3651
104129,2.0,1.0,Man of Tai Chi,Action|IMAX,2013,3.25,2,3.4596
104837,2.0,1.0,Rage of Honor,Action|Crime,1987,2.0,1,3.3651
105037,2.0,1.0,"To Do List, The",Comedy,2013,2.5,4,3.2154
106330,2.0,1.0,Last Vegas,Comedy|Drama|Romance,2013,2.0,2,3.2513
106491,2.0,1.0,47 Ronin,Action|Adventure|Fantasy,2013,2.6429,7,3.148
106873,2.0,1.0,Evangelion: 3.0 You Can (Not) Redo,Action|Animation|Drama,2012,2.5,3,3.2704
107945,2.0,1.0,Bad Karma,Thriller,2012,2.0,1,3.3651
107962,2.0,1.0,Freezer,Action|Thriller,2014,2.0,1,3.3651
108156,2.0,1.0,Ride Along,Action|Comedy,2014,3.1667,6,3.376
108601,2.0,1.0,Drift,Drama,2013,2.0,1,3.3651
108729,2.0,1.0,Enemy,Mystery|Thriller,2013,3.5,7,3.5009
109042,2.0,1.0,Knights of Badassdom,Adventure|Comedy|Fantasy,2013,2.25,2,3.293
109183,2.0,1.0,Date and Switch,Comedy,2014,2.0,1,3.3651
109187,2.0,1.0,"Zero Theorem, The",Drama|Fantasy|Sci-Fi,2013,3.0,3,3.3858
109295,2.0,1.0,Cold Comes the Night,Crime|Drama|Thriller,2013,2.0,1,3.3651
109416,2.0,1.0,Bring It On: Fight to the Finish,Comedy,2009,2.0,1,3.3651
109853,2.0,1.0,Barefoot,Comedy|Drama|Romance,2014,3.0,2,3.418
109864,2.0,1.0,Veronica Mars,Comedy|Crime|Drama,2014,1.75,2,3.2096
110127,2.0,1.0,Noah,Adventure|Drama|IMAX,2014,2.8,5,3.2677
110771,2.0,1.0,"Other Woman, The",Comedy|Romance,2014,2.9167,6,3.2822
111617,2.0,1.0,Blended,Comedy,2014,3.8125,8,3.6398
111781,2.0,1.0,Mission: Impossible - Rogue Nation,Action|Adventure|Thriller,2015,3.6471,17,3.5932
112749,2.0,1.0,And So It Goes,Comedy|Drama|Romance,2014,2.0,1,3.3651
112804,2.0,1.0,I Origins,Drama|Sci-Fi,2014,3.8333,3,3.5781
112818,2.0,1.0,"Purge: Anarchy, The",Action|Horror|Thriller,2014,3.3,5,3.4344
113348,2.0,1.0,Teenage Mutant Ninja Turtles,Action|Adventure|Comedy,2014,2.75,4,3.2868
113378,2.0,1.0,"Giver, The",Drama|Sci-Fi,2014,2.3,5,3.101
114601,2.0,1.0,This Is Where I Leave You,Comedy|Drama,2014,2.75,2,3.3763
114925,2.0,1.0,"Captive, The",Crime|Drama|Thriller,2014,2.0,1,3.3651
115151,2.0,1.0,Plastic,Action|Crime,2014,2.0,1,3.3651
116887,2.0,1.0,Exodus: Gods and Kings,Action|Adventure|Drama,2014,2.75,2,3.3763
116941,2.0,1.0,Jetsons: The Movie,Animation|Children|Comedy|Musical|Sci-Fi,1990,2.0,1,3.3651
117590,2.0,1.0,Horrible Bosses 2,Comedy|Crime,2014,3.6364,11,3.5722
118290,2.0,1.0,Omega Doom,Sci-Fi,1996,2.0,1,3.3651
118326,2.0,1.0,By the Gun,Crime|Drama|Thriller,2014,2.0,1,3.3651
118814,2.0,1.0,Playing It Cool,Comedy|Romance,2014,2.0,1,3.3651
119068,2.0,1.0,"Men, Women & Children",Comedy|Drama,2014,2.0,1,3.3651
120466,2.0,1.0,Chappie,Action|Thriller,2015,3.25,10,3.3758
120637,2.0,1.0,Blackhat,Action|Crime|Drama|Mystery|Thriller,2015,2.5,2,3.3346
120799,2.0,1.0,Terminator Genisys,Action|Adventure|Sci-Fi|Thriller,2015,2.5,9,3.0271
121035,2.0,1.0,Houdini,Drama,2014,2.0,1,3.3651
122932,2.0,1.0,Elsa & Fred,Children|Comedy|Romance,2014,2.0,1,3.3651
123310,2.0,1.0,Tornado!,Action,1996,2.0,1,3.3651
124859,2.0,1.0,The Gambler,Crime|Drama|Thriller,2014,2.0,1,3.3651
127132,2.0,1.0,Zipper,Drama|Thriller,2015,2.0,1,3.3651
127194,2.0,1.0,The D Train,Comedy,2015,2.0,1,3.3651
128197,2.0,1.0,Hard Promises,Comedy|Romance,1991,2.0,1,3.3651
129397,2.0,1.0,Marvel One-Shot: Item 47,Action|Fantasy|Sci-Fi,2012,2.75,2,3.3763
129737,2.0,1.0,Unfinished Business,Comedy,2015,2.25,2,3.293
129937,2.0,1.0,Run All Night,Action|Crime|Drama|Thriller,2015,2.1667,3,3.1935
130083,2.0,1.0,Kidnapping Mr. Heineken,Action|Crime|Drama|Thriller,2015,2.0,1,3.3651
131013,2.0,1.0,Get Hard,Comedy|Crime,2015,3.125,8,3.3342
131480,2.0,1.0,Poker Night,Action|Crime|Thriller,2014,2.0,1,3.3651
132046,2.0,1.0,Tomorrowland,Action|Adventure|Children|Mystery|Sci-Fi,2015,2.5,7,3.0892
132488,2.0,1.0,Lovesick,Comedy|Romance,2014,2.0,1,3.3651
133281,2.0,1.0,Ricki and the Flash,Comedy|Drama,2015,2.0,1,3.3651
133365,2.0,1.0,Partisan,Drama|Thriller,2015,2.0,1,3.3651
133782,2.0,1.0,Maggie,Drama|Horror|Thriller,2015,2.0,1,3.3651
135518,2.0,1.0,Self/less,Action|Mystery|Sci-Fi|Thriller,2015,2.75,2,3.3763
136778,2.0,1.0,The Squeeze,Comedy|Drama,2015,2.0,1,3.3651
136864,2.0,1.0,Batman v Superman: Dawn of Justice,Action|Adventure|Fantasy|Sci-Fi,2016,2.3438,16,2.7891
137345,2.0,1.0,That Demon Within,Crime|Thriller,2014,2.0,1,3.3651
138036,2.0,1.0,The Man from U.N.C.L.E.,Action|Adventure|Comedy,2015,3.4722,18,3.4827
139052,2.0,1.0,Dark Places,Drama|Mystery|Thriller,2015,2.0,1,3.3651
139717,2.0,1.0,10 Cent Pistol,Crime|Thriller,2015,1.25,2,3.1263
139915,2.0,1.0,How to Make Love Like an Englishman,Comedy|Romance,2014,2.25,2,3.293
140237,2.0,1.0,The Runner,Drama,2015,2.0,1,3.3651
140850,2.0,1.0,Every Secret Thing,Crime|Drama|Mystery|Thriller,2014,2.0,1,3.3651
141004,2.0,1.0,Victor Frankenstein,Drama|Horror|Sci-Fi,2015,3.25,2,3.4596
142372,2.0,1.0,Our Brand Is Crisis,Comedy|Drama,2015,2.75,2,3.3763
142424,2.0,1.0,Into the Forest,Drama|Sci-Fi,2015,2.0,1,3.3651
142536,2.0,1.0,Burnt,Drama,2015,2.0,3,3.1551
143410,2.0,1.0,Hyena Road,Drama|War,2015,2.0,1,3.3651
144262,2.0,1.0,Slow Learners,Comedy|Romance,2015,2.0,1,3.3651
144522,2.0,1.0,Sky High,Action|Horror|Thriller,2003,2.0,1,3.3651
144716,2.0,1.0,Rock the Kasbah,Comedy,2015,2.0,1,3.3651
146688,2.0,1.0,Solace,Fantasy|Mystery|Thriller,2015,2.0,1,3.3651
146730,2.0,1.0,Lost in the Sun,Action|Drama|Thriller,2015,2.0,1,3.3651
148709,2.0,1.0,Mojave,Thriller,2015,2.0,1,3.3651
148888,2.0,1.0,Zoolander 2,Comedy,2016,2.5,3,3.2704
149354,2.0,1.0,Sisters,Children|Comedy,2015,2.5,7,3.0892
149612,2.0,1.0,Swelter,Action|Drama|Thriller,2014,2.0,1,3.3651
151317,2.0,1.0,Maggie's Plan,Comedy,2015,2.0,1,3.3651
151559,2.0,1.0,Frankenstein,Horror|Thriller,2015,2.0,1,3.3651
154065,2.0,1.0,Dad's Army,Comedy,2016,2.0,1,3.3651
155358,2.0,1.0,Camino,Action|Adventure|Thriller,2016,2.0,1,3.3651
155743,2.0,1.0,My Big Fat Greek Wedding 2,Comedy,2016,2.0,1,3.3651
155892,2.0,1.0,Me Him Her,Comedy,2015,2.0,1,3.3651
156675,2.0,1.0,Project X,Mystery|Sci-Fi,1968,2.0,1,3.3651
157130,2.0,1.0,Despite the Falling Snow,Drama|Romance|Thriller,2016,2.0,1,3.3651
158956,2.0,1.0,Kill Command,Action|Horror|Sci-Fi,2016,2.5,2,3.3346
159690,2.0,1.0,Teenage Mutant Ninja Turtles: Out of the Shadows,Action|Adventure|Comedy,2016,2.0,1,3.3651
160563,2.0,1.0,The Legend of Tarzan,Action|Adventure,2016,3.0833,6,3.3447
160730,2.0,1.0,The Adderall Diaries,Action|Drama|Thriller,2015,2.0,1,3.3651
164753,2.0,1.0,Anything for Love,Romance,2016,2.0,1,3.3651
165139,2.0,1.0,Wild Oats,Comedy,2016,2.0,1,3.3651
165347,2.0,1.0,Jack Reacher: Never Go Back,Action|Crime|Drama|Mystery|Thriller,2016,2.0,1,3.3651
165529,2.0,1.0,Flowers for Algernon,Drama,2000,2.0,1,3.3651
168456,2.0,1.0,Mercury Plains,Action|Adventure|Drama,2016,2.0,1,3.3651
169904,2.0,1.0,Guyver: Dark Hero,Sci-Fi,1994,2.0,1,3.3651
170297,2.0,1.0,Ultimate Avengers 2,Action|Animation|Sci-Fi,2006,2.0,1,3.3651
173751,2.0,1.0,Tiger Raid,Thriller,2016,2.0,1,3.3651
173873,2.0,1.0,Gulliver's Travels,Adventure|Children|Fantasy,1996,2.0,1,3.3651
1327,1.996,3.0,"Amityville Horror, The",Drama|Horror|Mystery|Thriller,1979,2.6333,15,2.9806
370,1.995,8.0,Naked Gun 33 1/3: The Final Insult,Action|Comedy,1994,3.0603,58,3.1252
3248,1.995,4.0,Sister Act 2: Back in the Habit,Comedy,1993,1.8929,14,2.5632
3981,1.991,3.0,Red Planet,Action|Sci-Fi|Thriller,2000,2.3462,13,2.8485
27912,1.991,2.0,Outfoxed: Rupert Murdoch's War on Journalism,Documentary,2004,3.3,5,3.4344
3354,1.986,5.0,Mission to Mars,Sci-Fi,2000,2.6905,21,2.9521
2537,1.985,2.0,Beyond the Poseidon Adventure,Adventure,1979,2.0,3,3.1551
3689,1.985,2.0,Porky's II: The Next Day,Comedy,1983,1.75,4,3.0011
2053,1.98,4.0,"Honey, I Blew Up the Kid",Children|Comedy|Sci-Fi,1992,2.05,20,2.5339
3113,1.976,3.0,End of Days,Action|Fantasy|Horror|Mystery|Thriller,1999,2.7,15,3.0206
38,1.975,2.0,It Takes Two,Children|Comedy,1995,2.125,4,3.1083
33836,1.969,2.0,Bewitched,Comedy|Fantasy|Romance,2005,2.2692,13,2.805
53435,1.969,2.0,Hostel: Part II,Crime|Horror|Thriller,2007,2.0,4,3.0725
332,1.956,2.0,Village of the Damned,Horror|Sci-Fi,1995,2.8333,12,3.1371
366,1.955,2.0,"Wes Craven's New Nightmare (Nightmare on Elm Street Part 7: Freddy's Finale, A)",Drama|Horror|Mystery|Thriller,1994,2.9167,12,3.1825
186,1.943,2.0,Nine Months,Comedy|Romance,1995,2.8229,48,2.9399
42018,1.933,2.0,Mrs. Henderson Presents,Comedy|Drama,2005,2.0,2,3.2513
6564,1.919,4.0,Lara Croft Tomb Raider: The Cradle of Life,Action|Adventure|Comedy|Romance|Thriller,2003,2.6471,17,2.9635
250,1.912,2.0,Heavyweights (Heavy Weights),Children|Comedy,1995,2.5,6,3.126
1599,1.912,2.0,Steel,Action,1997,2.3333,3,3.232
4158,1.861,3.0,Monkeybone,Animation|Comedy|Fantasy,2001,2.0833,6,2.9697
86880,1.861,3.0,Pirates of the Caribbean: On Stranger Tides,Action|Adventure|Fantasy|IMAX,2011,3.2292,24,3.3093
1474,1.849,3.0,Jungle2Jungle (a.k.a. Jungle 2 Jungle),Children|Comedy,1997,2.1364,11,2.7865
3864,1.849,3.0,Godzilla 2000 (Gojira ni-sen mireniamu),Action|Adventure|Sci-Fi,1999,2.1,5,3.0344
2798,1.845,3.0,Problem Child,Children|Comedy,1990,1.5833,12,2.4553
2827,1.837,3.0,"Astronaut's Wife, The",Horror|Sci-Fi|Thriller,1999,2.2727,11,2.8579
114180,1.822,2.0,"Maze Runner, The",Action|Mystery|Sci-Fi,2014,2.9375,16,3.1544
117895,1.822,2.0,Maze Runner: Scorch Trials,Action|Thriller,2015,1.8333,6,2.876
2122,1.82,3.0,Children of the Corn,Horror|Thriller,1984,2.4545,11,2.9531
5597,1.818,2.0,Suburban Commando,Comedy|Sci-Fi,1991,1.75,2,3.2096
1381,1.813,3.0,Grease 2,Comedy|Musical|Romance,1982,2.0789,19,2.5695
1431,1.811,4.0,Beverly Hills Ninja,Action|Comedy,1997,2.4688,16,2.866
8814,1.782,2.0,Without a Paddle,Comedy,2004,2.0,7,2.8833
455,1.77,4.0,Free Willy,Adventure|Children|Drama,1993,2.3919,37,2.628
2392,1.749,2.0,Jack Frost,Children|Comedy|Drama,1998,1.9375,8,2.8064
1592,1.745,2.0,Air Bud,Children|Comedy,1997,2.375,4,3.1797
1969,1.745,2.0,"Nightmare on Elm Street 2: Freddy's Revenge, A",Horror,1985,2.35,10,2.9258
4526,1.744,2.0,My Stepmother Is an Alien,Comedy|Romance|Sci-Fi,1988,3.1,5,3.3677
435,1.741,6.0,Coneheads,Comedy|Sci-Fi,1993,2.4206,63,2.5687
1416,1.739,2.0,Evita,Drama|Musical,1996,3.4167,12,3.4553
6166,1.736,4.0,Dennis the Menace,Comedy,1993,1.8125,8,2.7509
6548,1.734,2.0,Bad Boys II,Action|Comedy|Crime|Thriller,2003,2.8824,17,3.1117
4127,1.732,2.0,"Like Father, Like Son",Comedy,1987,1.6667,3,3.0781
881,1.728,2.0,First Kid,Children|Comedy,1996,2.1,5,3.0344
437,1.726,2.0,Cops and Robbersons,Comedy,1994,2.1667,9,2.8692
2382,1.726,2.0,Police Academy 5: Assignment: Miami Beach,Comedy|Crime,1988,2.5,5,3.1677
4483,1.726,2.0,Caddyshack II,Comedy,1988,1.5,3,3.0397
575,1.698,4.0,"Little Rascals, The",Children|Comedy,1994,2.6562,16,2.9814
3646,1.687,5.0,Big Momma's House,Comedy,2000,2.1765,17,2.6672
1707,1.671,3.0,Home Alone 3,Children|Comedy,1997,1.875,8,2.7786
3690,1.658,3.0,Porky's Revenge,Comedy,1985,2.0,5,3.001
546,1.654,4.0,Super Mario Bros.,Action|Adventure|Children|Comedy|Fantasy|Sci-Fi,1993,2.0,21,2.4844
4255,1.649,4.0,Freddy Got Fingered,Comedy,2001,2.2,10,2.8508
1993,1.64,2.0,Child's Play 3,Comedy|Horror|Thriller,1991,1.8,5,2.9344
2361,1.64,2.0,Pink Flamingos,Comedy,1972,2.75,10,3.1258
2953,1.638,7.0,Home Alone 2: Lost in New York,Children|Comedy,1992,2.5161,31,2.7565
181,1.628,3.0,Mighty Morphin Power Rangers: The Movie,Action|Children,1995,2.2647,17,2.7228
4732,1.625,4.0,Bubble Boy,Comedy,2001,1.8889,9,2.7377
619,1.599,3.0,Ed,Comedy,1996,2.6,5,3.201
3440,1.59,2.0,Teenage Mutant Ninja Turtles III,Action|Adventure|Children|Comedy|Fantasy,1993,2.0714,14,2.6673
6888,1.582,5.0,Scary Movie 3,Comedy|Horror,2003,2.275,20,2.6839
5334,1.548,2.0,Cadillac Man,Comedy|Crime,1990,1.5,2,3.168
78105,1.548,2.0,Prince of Persia: The Sands of Time,Action|Adventure|Fantasy|Romance|IMAX,2010,2.8846,13,3.1529
2613,1.541,2.0,Night of the Comet,Comedy|Horror|Sci-Fi,1984,2.875,8,3.2231
4124,1.535,2.0,Jaws: The Revenge,Horror|Thriller,1987,1.25,4,2.8583
4293,1.535,2.0,Summer Rental,Comedy,1985,2.5,4,3.2154
4104,1.533,3.0,Ernest Goes to Camp,Comedy,1987,1.4,5,2.801
4756,1.517,2.0,"Musketeer, The",Action|Adventure|Drama|Romance,2001,1.5,2,3.168
4735,1.51,2.0,Ghosts of Mars,Horror|Sci-Fi|Thriller,2001,2.6,5,3.201
2720,1.509,3.0,Inspector Gadget,Action|Adventure|Children|Comedy,1999,2.0952,21,2.5489
3833,1.507,2.0,"Brain That Wouldn't Die, The",Horror|Sci-Fi,1962,1.5,2,3.168
3799,1.505,4.0,Pokémon the Movie 2000,Animation|Children,2000,1.5833,6,2.7822
2786,1.505,2.0,Haunted Honeymoon,Comedy,1986,1.75,4,3.0011
3268,1.502,3.0,Stop! Or My Mom Will Shoot,Action|Comedy,1992,1.7727,11,2.596
1681,1.501,3.0,Mortal Kombat: Annihilation,Action|Adventure|Fantasy,1997,1.9286,7,2.8539
195,1.5,2.0,Something to Talk About,Comedy|Drama|Romance,1995,3.1,10,3.3008
5900,1.5,2.0,Analyze That,Comedy|Crime,2002,2.5625,8,3.0842
6212,1.5,2.0,Bringing Down the House,Comedy,2003,1.9167,6,2.9072
6996,1.5,2.0,Highlander II: The Quickening,Action|Sci-Fi,1991,1.8571,7,2.8245
9,1.5,1.0,Sudden Death,Action,1995,3.125,16,3.2698
240,1.5,1.0,Hideaway,Thriller,1995,2.375,4,3.1797
248,1.5,1.0,Houseguest,Comedy,1994,3.1765,17,3.2969
270,1.5,1.0,Love Affair,Drama|Romance,1994,3.4,5,3.4677
424,1.5,1.0,Blue Chips,Drama,1994,1.8333,3,3.1166
472,1.5,1.0,I'll Do Anything,Comedy|Drama,1994,2.5833,6,3.1572
548,1.5,1.0,Terminal Velocity,Action|Mystery|Thriller,1994,2.75,6,3.2197
577,1.5,1.0,Andre,Adventure|Children|Drama,1994,2.125,4,3.1083
667,1.5,1.0,Bloodsport 2 (a.k.a. Bloodsport II: The Next Kumite),Action,1996,2.8125,8,3.1953
806,1.5,1.0,American Buffalo,Crime|Drama,1996,1.5,1,3.3196
1581,1.5,1.0,Out to Sea,Comedy,1997,2.1667,3,3.1935
1642,1.5,1.0,Indian Summer (a.k.a. Alive & Kicking),Comedy|Drama,1996,1.75,2,3.2096
1887,1.5,1.0,Almost Heroes,Adventure|Comedy|Western,1998,2.0,2,3.2513
1977,1.5,1.0,Friday the 13th Part IV: The Final Chapter,Horror,1984,2.5833,6,3.1572
2306,1.5,1.0,Holy Man,Comedy,1998,2.5833,6,3.1572
2339,1.5,1.0,I'll Be Home For Christmas,Comedy|Romance,1998,1.5,1,3.3196
2465,1.5,1.0,Deadly Friend,Horror,1986,1.5,3,3.0397
2497,1.5,1.0,Message in a Bottle,Romance,1999,2.9167,6,3.2822
2625,1.5,1.0,Black Mask (Hak hap),Action|Adventure|Crime|Sci-Fi|Thriller,1996,2.5,2,3.3346
3141,1.5,1.0,"Two Jakes, The",Drama,1990,1.25,2,3.1263
3715,1.5,1.0,Burglar,Comedy|Crime,1987,2.75,2,3.3763
3884,1.5,1.0,"Crew, The",Comedy,2000,1.5,3,3.0397
3895,1.5,1.0,"Watcher, The",Crime|Thriller,2000,1.5,1,3.3196
3962,1.5,1.0,Ghoulies II,Comedy|Horror,1987,1.5,1,3.3196
4109,1.5,1.0,Flowers in the Attic,Drama|Thriller,1987,2.5714,7,3.1186
4130,1.5,1.0,Maid to Order,Comedy|Fantasy,1987,1.8333,3,3.1166
4394,1.5,1.0,Beach Blanket Bingo,Comedy|Musical,1965,1.5,1,3.3196
4504,1.5,1.0,Feds,Comedy,1988,1.5,1,3.3196
4619,1.5,1.0,Little Monsters,Comedy,1989,2.25,2,3.293
5053,1.5,1.0,Blankman,Comedy,1994,1.5,1,3.3196
5111,1.5,1.0,"Good Son, The",Drama|Thriller,1993,1.5,1,3.3196
5136,1.5,1.0,Wendigo,Drama|Horror,2001,2.5,2,3.3346
5213,1.5,1.0,"Oh, God! Book II",Comedy,1980,1.5,1,3.3196
5455,1.5,1.0,"Object of Beauty, The",Comedy|Drama,1991,1.5,1,3.3196
5501,1.5,1.0,"Master of Disguise, The",Comedy|Mystery,2002,1.8571,7,2.8245
5596,1.5,1.0,Spaced Invaders,Adventure|Comedy|Sci-Fi,1990,1.5,1,3.3196
5694,1.5,1.0,Staying Alive,Comedy|Drama|Musical,1983,2.25,2,3.293
5961,1.5,1.0,Blue Steel,Action|Thriller,1990,1.5,1,3.3196
6006,1.5,1.0,Just Married,Comedy|Romance,2003,2.75,8,3.1675
6203,1.5,1.0,Life Stinks,Comedy,1991,1.5,2,3.168
6558,1.5,1.0,Curly Sue,Comedy|Drama,1991,2.3333,3,3.232
6587,1.5,1.0,Gigli,Comedy|Crime|Romance,2003,1.5,1,3.3196
6994,1.5,1.0,"Hard Way, The",Action|Comedy,1991,3.25,2,3.4596
7005,1.5,1.0,King Ralph,Comedy,1991,1.5,1,3.3196
7026,1.5,1.0,Summer School,Comedy,1987,2.375,4,3.1797
7369,1.5,1.0,Scooby-Doo 2: Monsters Unleashed,Action|Adventure|Children|Comedy|Mystery,2004,2.25,4,3.144
7782,1.5,1.0,Sniper,Action|Drama,1993,3.0,2,3.418
8043,1.5,1.0,Jack the Bear,Comedy|Drama,1993,1.5,1,3.3196
8526,1.5,1.0,Around the World in 80 Days,Adventure|Children|Comedy,2004,2.5,3,3.2704
8799,1.5,1.0,Little Black Book,Comedy|Romance,2004,2.1667,3,3.1935
8912,1.5,1.0,Taxi,Action|Comedy,2004,1.75,2,3.2096
26510,1.5,1.0,"Ewok Adventure, The (a.k.a. Caravan of Courage: An Ewok Adventure)",Adventure|Children|Fantasy|Sci-Fi,1984,2.25,2,3.293
26741,1.5,1.0,Mannequin 2: On the Move,Comedy|Fantasy|Romance,1991,1.5,1,3.3196
26791,1.5,1.0,Shining Through,Drama|Romance|Thriller|War,1992,1.5,1,3.3196
26792,1.5,1.0,Sidekicks,Action|Adventure|Children|Comedy,1992,1.5,2,3.168
26828,1.5,1.0,Mr. Nanny,Action|Children|Comedy,1993,1.5,1,3.3196
26913,1.5,1.0,Street Fighter II: The Animated Movie (Sutorîto Faitâ II gekijô-ban),Action|Animation,1994,1.5,1,3.3196
27074,1.5,1.0,Brave New World,Sci-Fi,1998,1.5,1,3.3196
27306,1.5,1.0,Bartleby,Comedy|Drama,2001,1.5,1,3.3196
27434,1.5,1.0,Darkness,Horror|Mystery,2002,1.5,3,3.0397
27549,1.5,1.0,Dead or Alive: Final,Comedy|Crime|Drama|Sci-Fi|Thriller,2002,1.5,1,3.3196
27685,1.5,1.0,Bring It On Again,Comedy,2004,1.75,2,3.2096
27705,1.5,1.0,In Hell,Action|Drama|Thriller,2003,1.5,1,3.3196
27784,1.5,1.0,One Missed Call (Chakushin ari),Horror|Mystery,2003,1.5,1,3.3196
30883,1.5,1.0,Fat Albert,Comedy|Fantasy,2004,1.5,2,3.168
32298,1.5,1.0,Guess Who,Comedy|Romance,2005,2.3333,3,3.232
33132,1.5,1.0,State Property 2,Action|Crime|Drama,2005,1.5,1,3.3196
33966,1.5,1.0,Cop and ½,Comedy,1993,1.5,1,3.3196
34292,1.5,1.0,Hardware,Action|Horror|Sci-Fi,1990,1.5,1,3.3196
34800,1.5,1.0,Private Resort,Comedy,1985,1.5,1,3.3196
40581,1.5,1.0,Just Friends,Comedy|Romance,2005,2.9167,6,3.2822
43679,1.5,1.0,Final Destination 3,Horror|Mystery|Thriller,2006,2.8333,9,3.185
43932,1.5,1.0,Pulse,Action|Drama|Fantasy|Horror|Mystery|Sci-Fi|Thriller,2006,1.75,2,3.2096
45208,1.5,1.0,RV,Adventure|Children|Comedy,2006,2.0,3,3.1551
50601,1.5,1.0,Bridge to Terabithia,Adventure|Children|Fantasy,2007,2.7778,9,3.1587
53450,1.5,1.0,"Legend of Sleepy Hollow, The",Comedy|Fantasy|Horror,1980,1.5,1,3.3196
59129,1.5,1.0,Outpost,Action|Horror,2008,2.0,2,3.2513
60365,1.5,1.0,Frosty the Snowman,Animation|Children|Comedy|Fantasy|Musical,1969,1.5,1,3.3196
62970,1.5,1.0,Tin Man,Adventure|Fantasy|Sci-Fi,2007,2.25,2,3.293
69118,1.5,1.0,In the Electric Mist,Drama|Mystery,2009,1.5,1,3.3196
71732,1.5,1.0,I Sell the Dead,Comedy|Horror,2008,2.5,2,3.3346
73386,1.5,1.0,Staten Island,Crime|Drama,2009,1.5,1,3.3196
75416,1.5,1.0,Generation X,Action|Adventure|Sci-Fi,1996,1.5,1,3.3196
75803,1.5,1.0,Our Family Wedding,Comedy,2010,1.5,1,3.3196
79428,1.5,1.0,Dinner for Schmucks,Comedy,2010,3.2857,7,3.4127
81537,1.5,1.0,Due Date,Comedy,2010,3.1,10,3.3008
82093,1.5,1.0,London Boulevard,Crime|Romance,2010,1.5,1,3.3196
82854,1.5,1.0,Gulliver's Travels,Adventure|Comedy|Fantasy,2010,1.8333,6,2.876
83613,1.5,1.0,Cowboys & Aliens,Action|Sci-Fi|Thriller|Western|IMAX,2011,3.0,9,3.264
87444,1.5,1.0,Elektra Luxx,Comedy,2010,2.5,2,3.3346
87485,1.5,1.0,Bad Teacher,Comedy,2011,2.8889,9,3.2114
87522,1.5,1.0,Larry Crowne,Comedy|Drama|Romance,2011,2.75,2,3.3763
87529,1.5,1.0,Your Highness,Action|Adventure|Comedy|Fantasy,2011,3.1111,9,3.3166
89388,1.5,1.0,I Don't Know How She Does It,Comedy,2011,1.5,1,3.3196
89427,1.5,1.0,Shark Night 3D,Horror|Thriller,2011,1.5,1,3.3196
89840,1.5,1.0,Killer Elite,Action|Thriller,2011,2.8333,3,3.3474
90738,1.5,1.0,"Double, The",Action|Crime|Drama|Mystery|Thriller,2011,1.5,1,3.3196
91273,1.5,1.0,Bunraku,Action|Drama|Fantasy,2010,1.5,1,3.3196
91323,1.5,1.0,"Sitter, The",Comedy,2011,2.9,5,3.301
91470,1.5,1.0,Violet & Daisy,Action|Drama,2011,3.0,2,3.418
91688,1.5,1.0,Salvation Boulevard,Comedy|Thriller,2011,1.5,1,3.3196
91873,1.5,1.0,Joyful Noise,Comedy|Musical,2012,1.5,1,3.3196
92309,1.5,1.0,"Innkeepers, The",Horror|Thriller,2011,2.75,2,3.3763
93242,1.5,1.0,Gone,Drama|Thriller,2012,1.5,1,3.3196
93270,1.5,1.0,Project X,Comedy,2012,2.0625,8,2.862
93563,1.5,1.0,Lockout,Action|Sci-Fi|Thriller,2012,3.1667,3,3.4243
93723,1.5,1.0,Damsels in Distress,Comedy|Romance,2011,2.25,2,3.293
93766,1.5,1.0,Wrath of the Titans,Action|Adventure|Fantasy|IMAX,2012,2.625,4,3.2511
93980,1.5,1.0,"Three Stooges, The",Comedy,2012,1.25,2,3.1263
94011,1.5,1.0,"Big Bang, The",Action|Thriller,2011,1.5,1,3.3196
96448,1.5,1.0,Piranha 3DD (a.k.a. Piranha DD),Comedy|Horror,2012,2.1667,3,3.1935
96616,1.5,1.0,That's My Boy,Comedy,2012,2.5,3,3.2704
96726,1.5,1.0,Lola Versus,Comedy|Romance,2012,1.5,1,3.3196
97470,1.5,1.0,Catch .44,Action|Drama|Thriller,2011,1.25,2,3.1263
97742,1.5,1.0,Alex Cross,Action|Crime|Mystery|Thriller,2012,1.5,1,3.3196
98160,1.5,1.0,Nature Calls,Comedy,2012,1.5,1,3.3196
98175,1.5,1.0,Vamps,Comedy|Horror|Romance,2012,1.5,1,3.3196
98296,1.5,1.0,Deadfall,Crime|Drama|Thriller,2012,1.5,1,3.3196
98908,1.5,1.0,How to Make Love to a Woman,Comedy|Romance,2010,1.5,1,3.3196
99005,1.5,1.0,Fire with Fire,Action|Crime|Drama,2012,1.5,1,3.3196
100226,1.5,1.0,Why Stop Now,Comedy|Drama,2012,1.5,1,3.3196
100390,1.5,1.0,Identity Thief,Comedy|Crime,2013,2.875,4,3.3225
100498,1.5,1.0,"Good Day to Die Hard, A",Action|Crime|Thriller|IMAX,2013,2.0833,6,2.9697
101360,1.5,1.0,"Call, The",Drama|Thriller,2013,1.5,1,3.3196
101415,1.5,1.0,"First Time, The",Comedy|Drama|Romance,2012,1.5,2,3.168
101884,1.5,1.0,Dark Tide,Adventure|Drama|Thriller,2012,1.5,1,3.3196
102378,1.5,1.0,Syrup,Comedy|Drama,2013,2.75,2,3.3763
102880,1.5,1.0,After Earth,Action|Adventure|Sci-Fi|IMAX,2013,1.0,2,3.0846
103502,1.5,1.0,"Knot, The",Comedy|Romance,2012,1.5,1,3.3196
103596,1.5,1.0,Sharknado,Sci-Fi,2013,1.875,4,3.0368
103609,1.5,1.0,Class Act,Comedy,1992,1.5,1,3.3196
103655,1.5,1.0,R.I.P.D.,Action|Comedy|Fantasy,2013,1.8333,3,3.1166
104076,1.5,1.0,"Smurfs 2, The",Animation|Children|Comedy,2013,1.875,4,3.0368
104218,1.5,1.0,Grown Ups 2,Comedy,2013,3.4,5,3.4677
105020,1.5,1.0,Collision Course,Action|Comedy|Thriller,1989,1.5,1,3.3196
105351,1.5,1.0,Runner Runner,Crime|Drama|Thriller,2013,2.25,2,3.293
105755,1.5,1.0,"Counselor, The",Crime|Drama|Thriller,2013,1.5,1,3.3196
106542,1.5,1.0,Charlie Countryman,Action|Comedy|Romance,2013,1.5,1,3.3196
106883,1.5,1.0,All is Bright,Comedy|Drama,2013,1.5,1,3.3196
107702,1.5,1.0,Grudge Match,Comedy,2013,2.5,2,3.3346
108715,1.5,1.0,Better Living Through Chemistry,Comedy|Drama,2014,1.5,1,3.3196
109191,1.5,1.0,Winter's Tale,Drama|Fantasy|Mystery,2014,1.5,1,3.3196
109372,1.5,1.0,About Last Night,Comedy|Romance,2014,2.25,2,3.293
109576,1.5,1.0,Welcome to the Jungle,Comedy,2013,2.0,2,3.2513
109673,1.5,1.0,300: Rise of an Empire,Action|Drama|War|IMAX,2014,2.125,4,3.1083
110730,1.5,1.0,Transcendence,Drama|Sci-Fi|IMAX,2014,2.2857,7,3.0009
110826,1.5,1.0,Brick Mansions,Action|Crime|Drama,2014,1.5,1,3.3196
111663,1.5,1.0,Zombeavers,Action|Comedy|Horror,2014,2.5,2,3.3346
111680,1.5,1.0,At Middleton,Comedy|Romance,2013,1.5,1,3.3196
112303,1.5,1.0,Think Like a Man Too,Comedy|Romance,2014,1.5,1,3.3196
112370,1.5,1.0,Transformers: Age of Extinction,Action|Adventure|Sci-Fi,2014,1.875,4,3.0368
112788,1.5,1.0,Sex Tape,Comedy,2014,2.6,5,3.201
113350,1.5,1.0,I'll Follow You Down,Drama|Mystery|Sci-Fi,2013,1.5,1,3.3196
113416,1.5,1.0,Revenge of the Green Dragons,Action|Crime|Drama,2014,1.5,1,3.3196
116044,1.5,1.0,Christmas in Connecticut,Comedy|Romance,1992,1.5,1,3.3196
116207,1.5,1.0,Zulu,Crime|Drama|Thriller,2013,1.5,1,3.3196
116419,1.5,1.0,Drive Hard,Action|Comedy|Crime,2014,1.5,1,3.3196
116963,1.5,1.0,Ski School,Comedy,1991,1.5,1,3.3196
116977,1.5,1.0,Dumb and Dumber To,Comedy,2014,2.3333,3,3.232
116985,1.5,1.0,The Longest Week,Comedy|Drama,2014,1.5,1,3.3196
117109,1.5,1.0,Too Many Cooks,Comedy,2014,3.0,2,3.418
118248,1.5,1.0,Dying of the Light,Drama|Thriller,2014,1.5,1,3.3196
118512,1.5,1.0,Bring It On: In It To Win It,Comedy,2007,1.5,1,3.3196
122490,1.5,1.0,Wicked Blood,Action|Drama|Thriller,2014,1.5,1,3.3196
122890,1.5,1.0,Warcraft,Action|Adventure|Fantasy,2016,3.4167,6,3.4697
126420,1.5,1.0,American Heist,Action,2015,1.5,1,3.3196
127319,1.5,1.0,The Loft,Thriller,2014,1.5,1,3.3196
129333,1.5,1.0,Julia,Horror|Thriller,2014,1.5,1,3.3196
130450,1.5,1.0,Pan,Adventure|Children|Fantasy,2015,2.5,3,3.2704
131714,1.5,1.0,Last Knights,Action|Adventure,2015,3.0,3,3.3858
132157,1.5,1.0,Paul Blart: Mall Cop 2,Action|Comedy|Crime,2015,2.75,4,3.2868
132618,1.5,1.0,Kite,Action|Crime|Drama|Mystery|Thriller,2014,1.5,1,3.3196
132796,1.5,1.0,San Andreas,Action|Drama|Thriller,2015,1.875,4,3.0368
133195,1.5,1.0,Hitman: Agent 47,Action|Crime|Thriller,2015,1.5,1,3.3196
133377,1.5,1.0,Infini,Horror|Sci-Fi|Thriller,2015,1.5,1,3.3196
133798,1.5,1.0,Hot Pursuit,Action|Comedy,2015,1.5,1,3.3196
134158,1.5,1.0,Return to Sender,Thriller,2015,1.5,1,3.3196
135567,1.5,1.0,Independence Day: Resurgence,Action|Adventure|Sci-Fi,2016,2.375,4,3.1797
136012,1.5,1.0,Bloodsport III,Action|Thriller,1996,1.5,1,3.3196
136598,1.5,1.0,Vacation,Adventure|Comedy,2015,3.4167,6,3.4697
136654,1.5,1.0,The Face of an Angel,Drama,2015,1.5,1,3.3196
136786,1.5,1.0,Careful What You Wish For,Thriller,2015,1.5,1,3.3196
136800,1.5,1.0,Robot Overlords,Action|Adventure|Sci-Fi,2014,1.5,1,3.3196
136859,1.5,1.0,The Lovers,Action|Adventure|Romance|Sci-Fi,2015,1.5,1,3.3196
138546,1.5,1.0,The Opposite Sex,Comedy,2014,1.5,1,3.3196
139857,1.5,1.0,Colonia,Thriller,2016,1.5,1,3.3196
140525,1.5,1.0,Secret in Their Eyes,Crime|Drama|Mystery,2015,1.5,1,3.3196
143001,1.5,1.0,Anti-Social,Crime,2015,1.5,1,3.3196
143255,1.5,1.0,Narcopolis,Mystery|Sci-Fi|Thriller,2014,1.5,1,3.3196
143472,1.5,1.0,Into the Grizzly Maze,Action|Horror|Thriller,2015,1.5,1,3.3196
144714,1.5,1.0,The Perfect Guy,Drama|Thriller,2015,1.5,1,3.3196
148172,1.5,1.0,The 5th Wave,Adventure|Sci-Fi|Thriller,2016,2.5,2,3.3346
151315,1.5,1.0,Ride Along 2,Action|Comedy,2016,2.0,3,3.1551
151479,1.5,1.0,The Flash 2 - Revenge of the Trickster,Action|Fantasy|Sci-Fi,1991,1.5,1,3.3196
151501,1.5,1.0,Exposed,Drama,2016,1.5,1,3.3196
151653,1.5,1.0,Welcome to Happiness,Comedy|Drama|Fantasy,2015,1.5,1,3.3196
152658,1.5,1.0,Santa's Little Helper,Children,2015,1.5,1,3.3196
155820,1.5,1.0,Keanu,Comedy,2016,2.5,2,3.3346
156607,1.5,1.0,The Huntsman Winter's War,Action|Adventure|Drama|Fantasy,2016,1.0,3,2.9243
157312,1.5,1.0,The Boss,Comedy,2016,2.6667,3,3.3089
157407,1.5,1.0,I Am Wrath,Action|Crime|Drama|Thriller,2016,1.5,1,3.3196
157865,1.5,1.0,Ratchet & Clank,Action|Adventure|Animation|Children|Comedy|Sci-Fi,2016,1.5,1,3.3196
158022,1.5,1.0,Kicking Off,Comedy,2016,1.5,1,3.3196
158813,1.5,1.0,Alice Through the Looking Glass,Adventure|Children|Fantasy,2016,2.0,4,3.0725
160440,1.5,1.0,The Maid's Room,Thriller,2014,1.5,1,3.3196
161918,1.5,1.0,Sharknado 4: The 4th Awakens,Action|Adventure|Horror|Sci-Fi,2016,1.5,1,3.3196
164375,1.5,1.0,All Roads Lead to Rome,Comedy,2016,1.5,1,3.3196
165343,1.5,1.0,The Rocky Horror Picture Show: Let's Do the Time Warp Again,Comedy|Horror|Sci-Fi|Thriller,2016,1.5,1,3.3196
169670,1.5,1.0,The Void,Horror,2016,1.5,1,3.3196
2498,1.497,2.0,My Favorite Martian,Comedy|Sci-Fi,1999,2.1,5,3.0344
4686,1.492,3.0,Weekend at Bernie's II,Adventure|Comedy,1993,1.625,4,2.9654
5246,1.487,2.0,Smokey and the Bandit II,Action|Comedy,1980,2.125,4,3.1083
5874,1.487,2.0,Friday After Next,Comedy,2002,2.4,5,3.1344
37380,1.487,2.0,Doom,Action|Horror|Sci-Fi,2005,2.15,10,2.8258
33164,1.481,2.0,House of Wax,Horror|Thriller,2005,1.8333,6,2.876
2799,1.471,3.0,Problem Child 2,Comedy,1991,1.3125,8,2.5286
59900,1.465,2.0,You Don't Mess with the Zohan,Comedy,2008,2.8667,15,3.1206
2381,1.452,2.0,Police Academy 4: Citizens on Patrol,Comedy|Crime,1987,2.1429,7,2.9421
2036,1.412,2.0,Blank Check,Children|Comedy,1994,2.25,6,3.0322
5401,1.4,5.0,Undercover Brother,Comedy,2002,1.8333,9,2.7114
419,1.387,2.0,"Beverly Hillbillies, The",Comedy,1993,2.675,20,2.9505
3593,1.348,4.0,Battlefield Earth,Action|Sci-Fi,2000,1.6579,19,2.2936
3955,1.33,3.0,"Ladies Man, The",Comedy,2000,1.5833,6,2.7822
2380,1.308,3.0,Police Academy 3: Back in Training,Comedy|Crime,1986,2.3,10,2.9008
5556,1.272,2.0,FearDotCom (a.k.a. Fear.com) (a.k.a. Fear Dot Com),Crime|Horror|Thriller,2002,1.5,3,3.0397
473,1.227,2.0,In the Army Now,Comedy|War,1994,1.8571,7,2.8245
8387,1.226,2.0,Police Academy: Mission to Moscow,Comedy|Crime,1994,0.8,5,2.601
4477,1.186,3.0,Big Top Pee-Wee,Adventure|Children|Comedy,1988,1.9375,8,2.8064
44731,1.184,2.0,Stay Alive,Horror|Sci-Fi|Thriller,2006,1.3333,3,3.0012
2383,1.178,2.0,Police Academy 6: City Under Siege,Comedy|Crime,1989,1.5,4,2.9297
1389,1.171,3.0,Jaws 3-D,Action|Horror,1983,1.4167,6,2.7197
833,1.045,2.0,High School High,Comedy,1996,2.0,6,2.9385
4676,1.035,2.0,Troop Beverly Hills,Comedy,1989,1.9167,6,2.9072
4502,1.0,2.0,Ernest Saves Christmas,Children|Comedy,1988,1.625,4,2.9654
39400,1.0,2.0,"Fog, The",Action|Horror|Mystery|Thriller,2005,2.1,5,3.0344
43904,1.0,2.0,When a Stranger Calls,Horror|Thriller,2006,1.3,5,2.7677
234,1.0,1.0,Exit to Eden,Comedy,1994,2.5882,17,2.9265
274,1.0,1.0,Man of the House,Comedy,1995,2.9286,7,3.2656
505,1.0,1.0,North,Comedy,1994,2.2143,7,2.9715
569,1.0,1.0,Little Big League,Comedy|Drama,1994,2.6667,6,3.1885
634,1.0,1.0,Theodore Rex,Comedy,1995,2.25,4,3.144
810,1.0,1.0,Kazaam,Children|Comedy|Fantasy,1996,2.25,12,2.8189
870,1.0,1.0,Gone Fishin',Comedy,1997,1.0,2,3.0846
1426,1.0,1.0,Zeus and Roxanne,Children,1997,1.0,1,3.2742
1439,1.0,1.0,Meet Wally Sparks,Comedy,1997,2.1667,3,3.1935
1468,1.0,1.0,Booty Call,Comedy|Romance,1997,2.6,5,3.201
1996,1.0,1.0,Poltergeist III,Horror|Thriller,1988,1.875,4,3.0368
2887,1.0,1.0,Simon Sez,Action|Comedy,1999,1.0,1,3.2742
2906,1.0,1.0,Random Hearts,Drama|Romance,1999,2.5714,7,3.1186
3276,1.0,1.0,Gun Shy,Comedy,2000,1.0,1,3.2742
3392,1.0,1.0,She-Devil,Comedy,1989,2.3333,6,3.0635
3596,1.0,1.0,Screwed,Comedy,2000,1.0,1,3.2742
3767,1.0,1.0,Missing in Action 2: The Beginning,Action|War,1985,1.6667,3,3.0781
3879,1.0,1.0,"Art of War, The",Action|Thriller,2000,2.0,2,3.2513
3908,1.0,1.0,Urban Legends: Final Cut,Horror,2000,1.5,3,3.0397
3930,1.0,1.0,"Creature from the Black Lagoon, The",Adventure|Horror|Sci-Fi,1954,2.125,4,3.1083
4129,1.0,1.0,Made in Heaven,Fantasy|Romance,1987,1.0,1,3.2742
4204,1.0,1.0,Losin' It,Comedy,1983,1.0,1,3.2742
4412,1.0,1.0,"Thing with Two Heads, The",Comedy|Horror|Sci-Fi,1972,0.75,2,3.043
4522,1.0,1.0,Masquerade,Mystery|Romance|Thriller,1988,1.0,1,3.2742
4630,1.0,1.0,No Holds Barred,Action,1989,1.0,1,3.2742
4635,1.0,1.0,Pink Cadillac,Action|Comedy|Drama,1989,1.0,1,3.2742
4987,1.0,1.0,Spacehunter: Adventures in the Forbidden Zone,Action|Adventure|Sci-Fi,1983,2.0,2,3.2513
5096,1.0,1.0,Baby's Day Out,Comedy,1994,1.25,2,3.1263
5476,1.0,1.0,Halloween: Resurrection (Halloween 8),Horror|Thriller,2002,2.0,3,3.1551
5591,1.0,1.0,Monkey Trouble,Children|Comedy,1994,1.0,1,3.2742
5863,1.0,1.0,Take This Job and Shove It,Comedy,1981,1.0,1,3.2742
6302,1.0,1.0,Beginning of the End,Sci-Fi,1957,1.0,1,3.2742
6424,1.0,1.0,Oscar,Comedy|Crime|Mystery|Romance,1991,1.0,1,3.2742
6686,1.0,1.0,"Medallion, The",Action|Comedy|Crime|Fantasy,2003,2.7,5,3.2344
6763,1.0,1.0,Duplex,Comedy|Crime,2003,2.4286,7,3.0597
6793,1.0,1.0,Beethoven,Children|Comedy|Drama,1992,1.7727,11,2.596
6853,1.0,1.0,Campus Man,Comedy,1987,1.0,1,3.2742
7016,1.0,1.0,Over the Top,Action|Drama,1987,1.5,3,3.0397
7245,1.0,1.0,Tormented,Horror|Thriller,1960,1.0,1,3.2742
7986,1.0,1.0,Robot Jox,Sci-Fi,1990,1.0,1,3.2742
8447,1.0,1.0,This Island Earth,Sci-Fi,1955,1.0,1,3.2742
8934,1.0,1.0,Bebe's Kids,Animation|Children|Comedy,1992,1.0,1,3.2742
26409,1.0,1.0,"Clonus Horror, The",Horror|Sci-Fi,1979,2.75,2,3.3763
26686,1.0,1.0,Ghost Dad,Comedy|Fantasy,1990,1.5,3,3.0397
27008,1.0,1.0,From Dusk Till Dawn 2: Texas Blood Money,Comedy|Crime|Horror,1999,1.0,1,3.2742
31553,1.0,1.0,Double Dragon,Action|Adventure|Sci-Fi,1994,1.0,1,3.2742
43419,1.0,1.0,Bandidas,Action|Comedy|Crime|Western,2006,1.0,1,3.2742
47810,1.0,1.0,"Wicker Man, The",Horror|Mystery|Thriller,2006,1.0,4,2.7868
50003,1.0,1.0,DOA: Dead or Alive,Action|Adventure,2006,2.0,2,3.2513
50806,1.0,1.0,Norbit,Comedy|Romance,2007,1.0,1,3.2742
55061,1.0,1.0,Electroma,Drama|Sci-Fi,2006,1.0,1,3.2742
59306,1.0,1.0,Prom Night,Horror|Mystery|Thriller,2008,0.75,2,3.043
63393,1.0,1.0,Camp Rock,Comedy|Musical|Romance,2008,1.0,1,3.2742
69227,1.0,1.0,Ernest Rides Again,Children|Comedy,1993,1.0,1,3.2742
69453,1.0,1.0,"Land That Time Forgot, The",Adventure|Sci-Fi,1975,1.5,2,3.168
71550,1.0,1.0,Assassination of a High School President,Comedy|Drama|Mystery,2008,1.0,1,3.2742
72167,1.0,1.0,"Boondock Saints II: All Saints Day, The",Action|Crime|Drama|Thriller,2009,3.375,4,3.4654
72224,1.0,1.0,Gentlemen Broncos,Comedy,2009,2.25,2,3.293
74075,1.0,1.0,Stan Helsing,Comedy|Horror,2009,1.0,2,3.0846
74154,1.0,1.0,When in Rome,Comedy|Romance,2010,2.5,4,3.2154
78893,1.0,1.0,"Last Airbender, The",Action|Adventure|Fantasy,2010,1.9167,6,2.9072
79185,1.0,1.0,Knight and Day,Action|Comedy|Romance,2010,3.4167,6,3.4697
79224,1.0,1.0,"Karate Kid, The",Action|Children|Drama,2010,2.5,8,3.0564
85131,1.0,1.0,Battle: Los Angeles,Action|Sci-Fi|War,2011,2.375,4,3.1797
85399,1.0,1.0,"Big Mommas: Like Father, Like Son",Comedy,2011,1.0,1,3.2742
91976,1.0,1.0,"Grey, The",Action|Drama,2012,2.9167,6,3.2822
92264,1.0,1.0,One for the Money,Action|Comedy|Crime,2012,2.0,2,3.2513
94018,1.0,1.0,Battleship,Action|Sci-Fi|Thriller|IMAX,2012,2.3333,3,3.232
96861,1.0,1.0,Taken 2,Action|Crime|Drama|Thriller,2012,3.2857,7,3.4127
101577,1.0,1.0,"Host, The",Action|Adventure|Romance,2013,2.5,4,3.2154
103339,1.0,1.0,White House Down,Action|Drama|Thriller|IMAX,2013,2.9167,6,3.2822
103384,1.0,1.0,"Lone Ranger, The",Action|Adventure|Western|IMAX,2013,2.7857,7,3.2068
104760,1.0,1.0,Getaway,Action|Crime,2013,1.0,1,3.2742
105121,1.0,1.0,Inescapable,Action|Drama|War,2012,1.0,1,3.2742
112326,1.0,1.0,Nick Fury: Agent of S.H.I.E.L.D.,Action|Sci-Fi,1998,1.0,1,3.2742
112497,1.0,1.0,Tammy,Comedy,2014,2.0,2,3.2513
117630,1.0,1.0,Double Trouble,Action|Comedy|Crime|Romance,1992,1.0,1,3.2742
119655,1.0,1.0,Seventh Son,Adventure|Children|Fantasy,2014,2.25,2,3.293
120635,1.0,1.0,Taken 3,Action|Crime|Thriller,2015,2.7,5,3.2344
121097,1.0,1.0,To Grandmother's House We Go,Adventure|Children|Comedy,1992,2.75,2,3.3763
122433,1.0,1.0,The Deadly Bees,Horror|Mystery|Thriller,1967,1.0,1,3.2742
122902,1.0,1.0,Fantastic Four,Action|Adventure|Fantasy|Sci-Fi,2015,2.1,5,3.0344
128592,1.0,1.0,The Boy Next Door,Mystery|Thriller,2015,1.0,1,3.2742
129657,1.0,1.0,Tracers,Action,2015,1.0,1,3.2742
132424,1.0,1.0,The Longest Ride,Drama|Romance,2015,1.75,2,3.2096
132462,1.0,1.0,Sword of Vengeance,Action|Adventure|Drama,2014,1.0,1,3.2742
133545,1.0,1.0,Just Before I Go,Comedy|Drama,2014,1.0,1,3.2742
136305,1.0,1.0,Sharknado 3: Oh Hell No!,Horror|Sci-Fi,2015,1.0,2,3.0846
136664,1.0,1.0,Wild Horses,Crime|Drama,2015,1.0,1,3.2742
136666,1.0,1.0,Search Party,Comedy,2014,2.25,2,3.293
140852,1.0,1.0,964 Pinocchio,Horror|Sci-Fi,1991,1.0,1,3.2742
157432,1.0,1.0,Precious Cargo,Action|Crime,2016,1.0,1,3.2742
160978,1.0,1.0,Hellevator,Horror|Sci-Fi,2004,1.0,1,3.2742
161290,1.0,1.0,Vigilante Diaries,Action,2016,1.0,1,3.2742
161830,1.0,1.0,Body,Drama|Horror|Thriller,2015,1.0,1,3.2742
169958,1.0,1.0,Buster's Mal Heart,Drama|Mystery,2017,1.0,1,3.2742
5248,0.987,2.0,Smokey and the Bandit III,Action|Comedy,1983,1.375,4,2.894
4254,0.97,3.0,Crocodile Dundee in Los Angeles,Comedy|Drama,2001,2.1923,13,2.7616
1760,0.665,3.0,Spice World,Comedy,1997,1.35,10,2.4258
1526,0.5,2.0,Fathers' Day,Comedy,1997,1.0,3,2.9243
5323,0.5,2.0,Jason X,Horror|Sci-Fi|Thriller,2002,1.1875,8,2.4731
6827,0.5,2.0,It's Pat,Comedy,1994,0.8333,3,2.8858
63,0.5,1.0,Don't Be a Menace to South Central While Drinking Your Juice in the Hood,Comedy|Crime,1996,2.7143,7,3.1774
1976,0.5,1.0,Friday the 13th Part 3: 3D,Horror,1982,2.2143,7,2.9715
2534,0.5,1.0,Avalanche,Action,1978,2.5,3,3.2704
2586,0.5,1.0,Goodbye Lover,Comedy|Crime|Thriller,1999,1.75,2,3.2096
3774,0.5,1.0,House Party 2,Comedy|Drama|Romance,1991,0.75,4,2.7154
3933,0.5,1.0,"Killer Shrews, The",Horror|Sci-Fi,1959,0.5,1,3.2287
3973,0.5,1.0,Book of Shadows: Blair Witch 2,Crime|Horror|Mystery|Thriller,2000,1.125,4,2.8225
4051,0.5,1.0,Horrors of Spider Island (Ein Toter Hing im Netz),Horror|Sci-Fi,1960,0.5,1,3.2287
4471,0.5,1.0,Arthur 2: On the Rocks,Comedy|Romance,1988,1.5,3,3.0397
4580,0.5,1.0,Cyborg,Action|Sci-Fi,1989,0.5,2,3.0013
4775,0.5,1.0,Glitter,Drama|Musical|Romance,2001,0.5,1,3.2287
4845,0.5,1.0,Corky Romano,Comedy|Crime,2001,1.3333,3,3.0012
5356,0.5,1.0,"Giant Spider Invasion, The",Horror|Sci-Fi,1975,0.5,1,3.2287
5700,0.5,1.0,The Pumaman,Action|Adventure|Fantasy|Sci-Fi,1980,0.5,1,3.2287
5771,0.5,1.0,My Bloody Valentine,Drama|Horror|Thriller,1981,0.5,1,3.2287
6514,0.5,1.0,Ring of Terror,Horror,1962,0.5,1,3.2287
6557,0.5,1.0,Born to Be Wild,Adventure|Children|Comedy|Drama,1995,0.5,1,3.2287
7720,0.5,1.0,"Four Musketeers, The",Action|Adventure|Comedy|Romance,1974,2.75,4,3.2868
8136,0.5,1.0,Indestructible Man,Crime|Horror|Sci-Fi,1956,0.5,1,3.2287
8137,0.5,1.0,"Wasp Woman, The",Horror|Sci-Fi,1959,0.5,1,3.2287
8138,0.5,1.0,Attack of the Giant Leeches,Horror|Sci-Fi,1959,2.25,2,3.293
8290,0.5,1.0,Mitchell,Action|Crime,1975,0.75,2,3.043
26696,0.5,1.0,Lionheart,Action,1990,0.5,1,3.2287
27595,0.5,1.0,Jesus Christ Vampire Hunter,Action|Comedy|Horror|Musical,2001,0.5,1,3.2287
44243,0.5,1.0,Leprechaun 4: In Space,Comedy|Fantasy|Horror|Sci-Fi,1997,0.5,1,3.2287
49276,0.5,1.0,Let's Go to Prison,Comedy,2006,1.3333,3,3.0012
53453,0.5,1.0,Starcrash (a.k.a. Star Crash),Action|Adventure|Fantasy|Sci-Fi,1978,0.5,1,3.2287
54274,0.5,1.0,I Know Who Killed Me,Crime|Drama|Thriller,2007,0.5,1,3.2287
60363,0.5,1.0,Zombie Strippers!,Comedy|Horror,2008,0.5,1,3.2287
71810,0.5,1.0,Legionnaire,Action|Adventure|Drama|War,1998,0.5,1,3.2287
76030,0.5,1.0,Case 39,Horror|Thriller,2009,0.5,1,3.2287
79251,0.5,1.0,"Serbian Film, A (Srpski film)",Horror|Thriller,2010,2.25,2,3.293
82095,0.5,1.0,Skyline,Sci-Fi|Thriller,2010,0.5,1,3.2287
87520,0.5,1.0,Transformers: Dark of the Moon,Action|Adventure|Sci-Fi|War|IMAX,2011,2.3636,11,2.9055
102025,0.5,1.0,Yongary: Monster from the Deep,Children|Horror|Sci-Fi,1967,0.5,1,3.2287
102735,0.5,1.0,Captain America,Action|Drama,1979,0.5,1,3.2287
102749,0.5,1.0,Captain America II: Death Too Soon,Action|Crime,1979,0.5,1,3.2287
104017,0.5,1.0,3 dev adam (Three Giant Men),Action|Adventure|Sci-Fi,1973,0.5,1,3.2287
111785,0.5,1.0,Midnight Chronicles,Action|Adventure|Fantasy,2009,0.5,1,3.2287
122627,0.5,1.0,Oblivion 2: Backlash,Sci-Fi,1996,0.5,1,3.2287
125221,0.5,1.0,The Beast of Hollow Mountain,Horror|Sci-Fi|Western,1956,0.5,1,3.2287
125916,0.5,1.0,Fifty Shades of Grey,Drama|Romance,2015,1.0,3,2.9243
129250,0.5,1.0,Superfast!,Action|Comedy|Crime,2015,0.5,1,3.2287
136297,0.5,1.0,Mortal Kombat: The Journey Begins,Action|Animation,1995,0.5,1,3.2287
137517,0.5,1.0,Carnival Magic,Drama|Fantasy,1981,0.5,1,3.2287
145724,0.5,1.0,Idaho Transfer,Sci-Fi,1973,0.5,1,3.2287
151745,0.5,1.0,Reptilicus,Horror|Sci-Fi,1961,0.5,1,3.2287
157172,0.5,1.0,Wizards of the Lost Kingdom II,Action|Fantasy,1989,0.5,1,3.2287
